Workbook

Sheet Layanan Diskominfo
A1: No. | B1: ID PELANGGAN | C1: SERVICE ID | D1: NAMA PELANGGAN | E1: NPWP | F1: NOMOR KONTRAK | G1: PERIODE KONTRAK | H1: NOMOR KONTRAK LAMA | I1: KETERANGAN KONTRAK | J1: LAYANAN | K1: PRODUK | L1: NOMOR AL | M1: JENIS MUTASI | N1: TANGGAL MUTASI | O1: BILLING CUT OFF | P1: ALAMAT TERMINATING | Q1: TERMINASI | R1: PORT | S1: STATUS PORT | T1: KET | U1: SBU TERMINATING | V1: KP TERMINATING | W1: ALAMAT ORIGINATING | X1: SBU ORIGINATING | Y1: KP ORIGINATING | Z1: ID PERUSAHAAN | AA1: ID SAP | AB1: NO AX | AC1: NOMOR VA / REKENING | AD1: NAMA SAP | AE1: STATUS AKTIF | AF1: STATUS ISOLIR | AG1: HARGA LAYANAN | AH1: HARGA INSTALASI | AI1: ID TAGIHAN | AJ1: ID INVOICE | AK1: TGL INVOICE | AL1: PERIODE INVOICE | AM1: TIPE TAGIHAN | AN1: SIKLUS BILLING | AO1: TIPE PELANGGAN | AP1: JADWAL PENAGIHAN | AQ1: BIDANG REVENUE | AR1: SUB BIDANG REVENUE | AS1: SEGMEN ICON | AT1: SEGMEN CUSTOMER | AU1: REGIONAL | AV1: KANTOR PERWAKILAN
A2: 1 | B2: 311490003398 | C2: 311202004727 | D2: DISKOMINFO KOTA SINGKAWANG | E2: 00.280.304.7-702.000 | F2: EP-01KEQYM0J4BDVEGR7W4RWTXKST | G2: 2026/02/16 - 2026/12/31 | H2: - | I2: INTERNET DEDICATED DAN JARINGAN METRONET | J2: METRONET | K2: METRONET | L2: - | M2: AKTIVASI | N2: 46069 | O2: 46054 | P2: [311202004340] PUSKESMAS SINGKAWANG TENGAH 2 - JL AHMAD YANI | Q2: RKAL-MINI.ODC.UP3.SINGKAWANG-BD.2928-CPE-01 | R2: g0/8 | S2: Down | T2: Perangkat Hilang | U2: KALIMANTAN | V2: KALIMANTAN BARAT | W2: DISKOMINFO KOTA SINGKAWANG - JL. AHMAD YANI NO. 76 | X2: KALIMANTAN | Y2: KALIMANTAN BARAT | Z2: 26671 | AA2: 200005426 | AB2: 140001941 | AC2: - | AD2: - | AE2: AKTIF | AF2: UNISOLIR | AG2: 0,00 | AH2: 0,00 | AI2: - | AJ2: 90391497 | AK2: --/--/-- | AL2: 2026/03/01 - 2026/03/31 | AM2: PREPAID | AN2: PRORATE | AO2: SUBSCRIBE | AP2: 1 - BULAN | AQ2: KALIMANTAN | AR2: KALIMANTAN BARAT | AS2: GOVERNMENT | AT2: GOVERNMENT | AU2: KALIMANTAN | AV2: KALIMANTAN TIMUR
A3: 2 | B3: 311490003398 | C3: 311202004728 | D3: DISKOMINFO KOTA SINGKAWANG | E3: 00.280.304.7-702.000 | F3: EP-01KEQYM0J4BDVEGR7W4RWTXKST | G3: 2026/02/16 - 2026/12/31 | H3: - | I3: INTERNET DEDICATED DAN JARINGAN METRONET | J3: METRONET | K3: METRONET | L3: - | M3: AKTIVASI | N3: 46069 | O3: 46054 | P3: [311202004359] DINAS KESEHATAN DAN KELUARGA BERENCANA - JL. ALIANYANG NO. 7 | Q3: RKAL-DISKOMINFO.KOTA.SINGKAWANG-ZYXEL.MGS3520-CPE-02 | R3: e 0/0/12 | S3: Up | T3: ok | U3: KALIMANTAN | V3: KALIMANTAN BARAT | W3: DISKOMINFO KOTA SINGKAWANG - JL. AHMAD YANI NO. 76 | X3: KALIMANTAN | Y3: KALIMANTAN BARAT | Z3: 26671 | AA3: 200005426 | AB3: 140001941 | AC3: - | AD3: - | AE3: AKTIF | AF3: UNISOLIR | AG3: 0,00 | AH3: 0,00 | AI3: - | AJ3: 90379451 | AK3: --/--/-- | AL3: 2026/03/01 - 2026/03/31 | AM3: PREPAID | AN3: PRORATE | AO3: SUBSCRIBE | AP3: 1 - BULAN | AQ3: KALIMANTAN | AR3: KALIMANTAN BARAT | AS3: GOVERNMENT | AT3: GOVERNMENT | AU3: KALIMANTAN | AV3: KALIMANTAN TIMUR
A4: 3 | B4: 311490003398 | C4: 311202004731 | D4: DISKOMINFO KOTA SINGKAWANG | E4: 00.280.304.7-702.000 | F4: EP-01KEQYM0J4BDVEGR7W4RWTXKST | G4: 2026/02/16 - 2026/12/31 | H4: - | I4: INTERNET DEDICATED DAN JARINGAN METRONET | J4: METRONET | K4: METRONET | L4: - | M4: AKTIVASI | N4: 46069 | O4: 46054 | P4: [311202004355] CCTV SEI WIE - JL. ALIANYANG, SEI WEI | Q4: RKAL-DISKOMINFO.KOTA.SINGKAWANG-ZYXEL.MGS3520-CPE-03 | R4: e0/0/20 | S4: Up | T4: ok | U4: KALIMANTAN | V4: KALIMANTAN BARAT | W4: DISKOMINFO KOTA SINGKAWANG - JL. AHMAD YANI NO. 76 | X4: KALIMANTAN | Y4: KALIMANTAN BARAT | Z4: 26671 | AA4: 200005426 | AB4: 140001941 | AC4: - | AD4: - | AE4: AKTIF | AF4: UNISOLIR | AG4: 0,00 | AH4: 0,00 | AI4: - | AJ4: 90455416 | AK4: --/--/-- | AL4: 2026/03/01 - 2026/03/31 | AM4: PREPAID | AN4: PRORATE | AO4: SUBSCRIBE | AP4: 1 - BULAN | AQ4: KALIMANTAN | AR4: KALIMANTAN BARAT | AS4: GOVERNMENT | AT4: GOVERNMENT | AU4: KALIMANTAN | AV4: KALIMANTAN TIMUR
A5: 2 | B5: 311490003398 | C5: 311202004730 | D5: DISKOMINFO KOTA SINGKAWANG | E5: 00.280.304.7-702.000 | F5: EP-01KEQYM0J4BDVEGR7W4RWTXKST | G5: 2026/02/16 - 2026/12/31 | H5: - | I5: INTERNET DEDICATED DAN JARINGAN METRONET | J5: METRONET | K5: METRONET | L5: - | M5: AKTIVASI | N5: 46069 | O5: 46054 | P5: [311202004354] DINAS PERDAGANGAN, PERINDUSTRIAN, KOPERASI DAN UKM - JL. FIRDAUS | Q5: RKAL-DISKOMINFO.KOTA.SINGKAWANG-ZYXEL.MGS3520-CPE-02 | R5: e 0/0/10 | S5: Down | T5: Digunakan -Hasil OPM kearah mikrotik -2.99 dbm, -Hasil OPM kearah HO Low indikasi fo cut -Mikrotik nyala, tidak ada UTP yang ke colok, -Hasil OTDR ke arah HO putus di 2.19 Km dari user | U5: KALIMANTAN | V5: KALIMANTAN BARAT | W5: DISKOMINFO KOTA SINGKAWANG - JL. AHMAD YANI NO. 76 | X5: KALIMANTAN | Y5: KALIMANTAN BARAT | Z5: 26671 | AA5: 200005426 | AB5: 140001941 | AC5: - | AD5: - | AE5: AKTIF | AF5: UNISOLIR | AG5: 0,00 | AH5: 0,00 | AI5: - | AJ5: 90364259 | AK5: --/--/-- | AL5: 2026/03/01 - 2026/03/31 | AM5: PREPAID | AN5: PRORATE | AO5: SUBSCRIBE | AP5: 1 - BULAN | AQ5: KALIMANTAN | AR5: KALIMANTAN BARAT | AS5: GOVERNMENT | AT5: GOVERNMENT | AU5: KALIMANTAN | AV5: KALIMANTAN TIMUR
A6: 5 | B6: 311490003398 | C6: 311202004732 | D6: DISKOMINFO KOTA SINGKAWANG | E6: 00.280.304.7-702.000 | F6: EP-01KEQYM0J4BDVEGR7W4RWTXKST | G6: 2026/02/16 - 2026/12/31 | H6: - | I6: INTERNET DEDICATED DAN JARINGAN METRONET | J6: METRONET | K6: METRONET | L6: - | M6: AKTIVASI | N6: 46069 | O6: 46054 | P6: [311202004356] DINAS PERHUBUNGAN - JL. TERMINAL INDUK SEI WIE | Q6: RKAL-DISKOMINFO.KOTA.SINGKAWANG-ZYXEL.MGS3520-CPE-03 | R6: e0/0/15 | S6: Up | T6: ok | U6: KALIMANTAN | V6: KALIMANTAN BARAT | W6: DISKOMINFO KOTA SINGKAWANG - JL. AHMAD YANI NO. 76 | X6: KALIMANTAN | Y6: KALIMANTAN BARAT | Z6: 26671 | AA6: 200005426 | AB6: 140001941 | AC6: - | AD6: - | AE6: AKTIF | AF6: UNISOLIR | AG6: 0,00 | AH6: 0,00 | AI6: - | AJ6: 90400809 | AK6: --/--/-- | AL6: 2026/03/01 - 2026/03/31 | AM6: PREPAID | AN6: PRORATE | AO6: SUBSCRIBE | AP6: 1 - BULAN | AQ6: KALIMANTAN | AR6: KALIMANTAN BARAT | AS6: GOVERNMENT | AT6: GOVERNMENT | AU6: KALIMANTAN | AV6: KALIMANTAN TIMUR
A7: 6 | B7: 311490003398 | C7: 311202004682 | D7: DISKOMINFO KOTA SINGKAWANG | E7: 00.280.304.7-702.000 | F7: EP-01KEQYM0J4BDVEGR7W4RWTXKST | G7: 2026/02/16 - 2026/12/31 | H7: - | I7: INTERNET DEDICATED DAN JARINGAN METRONET | J7: METRONET | K7: METRONET | L7: - | M7: AKTIVASI | N7: 46069 | O7: 46054 | P7: [311202004357] CCTV HERMANSYAH - JL. S.M TSJAFIOEDDIN 17-51 | Q7: RKAL-DISKOMINFO.KOTA.SINGKAWANG-ZYXEL.MGS3520-CPE-03 | R7: e0/0/19 | S7: Up | T7: ok | U7: KALIMANTAN | V7: KALIMANTAN BARAT | W7: DISKOMINFO KOTA SINGKAWANG - JL. AHMAD YANI NO. 76 | X7: KALIMANTAN | Y7: KALIMANTAN BARAT | Z7: 26671 | AA7: 200005426 | AB7: 140001941 | AC7: - | AD7: - | AE7: AKTIF | AF7: UNISOLIR | AG7: 0,00 | AH7: 0,00 | AI7: - | AJ7: 90448245 | AK7: --/--/-- | AL7: 2026/03/01 - 2026/03/31 | AM7: PREPAID | AN7: PRORATE | AO7: SUBSCRIBE | AP7: 1 - BULAN | AQ7: KALIMANTAN | AR7: KALIMANTAN BARAT | AS7: GOVERNMENT | AT7: GOVERNMENT | AU7: KALIMANTAN | AV7: KALIMANTAN TIMUR
A8: 3 | B8: 311490003398 | C8: 311202004733 | D8: DISKOMINFO KOTA SINGKAWANG | E8: 00.280.304.7-702.000 | F8: EP-01KEQYM0J4BDVEGR7W4RWTXKST | G8: 2026/02/16 - 2026/12/31 | H8: - | I8: INTERNET DEDICATED DAN JARINGAN METRONET | J8: METRONET | K8: METRONET | L8: - | M8: AKTIVASI | N8: 46069 | O8: 46054 | P8: [311202004351] SEKRETARIAT DPRD - JL. FIRDAUS | Q8: RKAL-DISKOMINFO.KOTA.SINGKAWANG-ZYXEL.MGS3520-CPE-02 | R8: e 0/0/20 | S8: Down | T8: Info User OPD tidak digunakan - perangkat sudah diambil Kominfo - Kabel Putus Impact renovasi gedung | U8: KALIMANTAN | V8: KALIMANTAN BARAT | W8: DISKOMINFO KOTA SINGKAWANG - JL. AHMAD YANI NO. 76 | X8: KALIMANTAN | Y8: KALIMANTAN BARAT | Z8: 26671 | AA8: 200005426 | AB8: 140001941 | AC8: - | AD8: - | AE8: AKTIF | AF8: UNISOLIR | AG8: 0,00 | AH8: 0,00 | AI8: - | AJ8: 90364260 | AK8: --/--/-- | AL8: 2026/03/01 - 2026/03/31 | AM8: PREPAID | AN8: PRORATE | AO8: SUBSCRIBE | AP8: 1 - BULAN | AQ8: KALIMANTAN | AR8: KALIMANTAN BARAT | AS8: GOVERNMENT | AT8: GOVERNMENT | AU8: KALIMANTAN | AV8: KALIMANTAN TIMUR
A9: 4 | B9: 311490003398 | C9: 311202004734 | D9: DISKOMINFO KOTA SINGKAWANG | E9: 00.280.304.7-702.000 | F9: EP-01KEQYM0J4BDVEGR7W4RWTXKST | G9: 2026/02/16 - 2026/12/31 | H9: - | I9: INTERNET DEDICATED DAN JARINGAN METRONET | J9: METRONET | K9: METRONET | L9: - | M9: AKTIVASI | N9: 46069 | O9: 46054 | P9: [311202004352] DINAS PENANAMAN MODAL DAN TENAGA KERJA - JL. BKLI KOMPLEK LLK-UKM | Q9: RKAL-DISKOMINFO.KOTA.SINGKAWANG-ZYXEL.MGS3520-CPE-02 | R9: e 0/0/9 | S9: Down | T9: tidak Digunakan | U9: KALIMANTAN | V9: KALIMANTAN BARAT | W9: DISKOMINFO KOTA SINGKAWANG - JL. AHMAD YANI NO. 76 | X9: KALIMANTAN | Y9: KALIMANTAN BARAT | Z9: 26671 | AA9: 200005426 | AB9: 140001941 | AC9: - | AD9: - | AE9: AKTIF | AF9: UNISOLIR | AG9: 0,00 | AH9: 0,00 | AI9: - | AJ9: 90400811 | AK9: --/--/-- | AL9: 2026/03/01 - 2026/03/31 | AM9: PREPAID | AN9: PRORATE | AO9: SUBSCRIBE | AP9: 1 - BULAN | AQ9: KALIMANTAN | AR9: KALIMANTAN BARAT | AS9: GOVERNMENT | AT9: GOVERNMENT | AU9: KALIMANTAN | AV9: KALIMANTAN TIMUR
A10: 5 | B10: 311490003398 | C10: 311202004729 | D10: DISKOMINFO KOTA SINGKAWANG | E10: 00.280.304.7-702.000 | F10: EP-01KEQYM0J4BDVEGR7W4RWTXKST | G10: 2026/02/16 - 2026/12/31 | H10: - | I10: INTERNET DEDICATED DAN JARINGAN METRONET | J10: METRONET | K10: METRONET | L10: - | M10: AKTIVASI | N10: 46069 | O10: 46054 | P10: [311202004360] KANTOR KELURAHAN SEJANGKUNG - JL. RAYA SEJANGKUNG | Q10: RKAL-DISKOMINFO.KOTA.SINGKAWANG-ZYXEL.MGS3520-CPE-03 | R10: e0/0/9 | S10: Down | T10: Perangkat Tidak ada | U10: KALIMANTAN | V10: KALIMANTAN BARAT | W10: - | X10: - | Y10: - | Z10: 26671 | AA10: 200005426 | AB10: 140001941 | AC10: - | AD10: - | AE10: AKTIF | AF10: UNISOLIR | AG10: 0,00 | AH10: 0,00 | AI10: - | AJ10: 90450968 | AK10: --/--/-- | AL10: 2026/03/01 - 2026/03/31 | AM10: PREPAID | AN10: PRORATE | AO10: SUBSCRIBE | AP10: 1 - BULAN | AQ10: KALIMANTAN | AR10: KALIMANTAN BARAT | AS10: GOVERNMENT | AT10: GOVERNMENT | AU10: KALIMANTAN | AV10: KALIMANTAN TIMUR
A11: 10 | B11: 311490003398 | C11: 311202004684 | D11: DISKOMINFO KOTA SINGKAWANG | E11: 00.280.304.7-702.000 | F11: EP-01KEQYM0J4BDVEGR7W4RWTXKST | G11: 2026/02/16 - 2026/12/31 | H11: - | I11: INTERNET DEDICATED DAN JARINGAN METRONET | J11: METRONET | K11: METRONET | L11: - | M11: AKTIVASI | N11: 46069 | O11: 46054 | P11: [311202004361] KANTOR KELURAHAN PANGMILANG - PANGMILANG | Q11: RKAL-DISKOMINFO.KOTA.SINGKAWANG-ZYXEL.MGS3520-CPE-03 | R11: e0/0/10 | S11: Up | T11: ok | U11: KALIMANTAN | V11: KALIMANTAN BARAT | W11: - | X11: - | Y11: - | Z11: 26671 | AA11: 200005426 | AB11: 140001941 | AC11: - | AD11: - | AE11: AKTIF | AF11: UNISOLIR | AG11: 0,00 | AH11: 0,00 | AI11: - | AJ11: 90400813 | AK11: --/--/-- | AL11: 2026/03/01 - 2026/03/31 | AM11: PREPAID | AN11: PRORATE | AO11: SUBSCRIBE | AP11: 1 - BULAN | AQ11: KALIMANTAN | AR11: KALIMANTAN BARAT | AS11: GOVERNMENT | AT11: GOVERNMENT | AU11: KALIMANTAN | AV11: KALIMANTAN TIMUR
A12: 6 | B12: 311490003398 | C12: 311202004685 | D12: DISKOMINFO KOTA SINGKAWANG | E12: 00.280.304.7-702.000 | F12: EP-01KEQYM0J4BDVEGR7W4RWTXKST | G12: 2026/02/16 - 2026/12/31 | H12: - | I12: INTERNET DEDICATED DAN JARINGAN METRONET | J12: METRONET | K12: METRONET | L12: - | M12: AKTIVASI | N12: 46069 | O12: 46054 | P12: [311202004362] KANTOR KELURAHAN SEDAU - JL. RAYA SEDAU | Q12: RKAL-DISKOMINFO.KOTA.SINGKAWANG-ZYXEL.MGS3520-CPE-03 | R12: e0/0/6 | S12: Down | T12: Perangkat Ada | U12: KALIMANTAN | V12: KALIMANTAN BARAT | W12: - | X12: - | Y12: - | Z12: 26671 | AA12: 200005426 | AB12: 140001941 | AC12: - | AD12: - | AE12: AKTIF | AF12: UNISOLIR | AG12: 0,00 | AH12: 0,00 | AI12: - | AJ12: 90363054 | AK12: --/--/-- | AL12: 2026/03/01 - 2026/03/31 | AM12: PREPAID | AN12: PRORATE | AO12: SUBSCRIBE | AP12: 1 - BULAN | AQ12: KALIMANTAN | AR12: KALIMANTAN BARAT | AS12: GOVERNMENT | AT12: GOVERNMENT | AU12: KALIMANTAN | AV12: KALIMANTAN TIMUR
A13: 12 | B13: 311490003398 | C13: 311202004686 | D13: DISKOMINFO KOTA SINGKAWANG | E13: 00.280.304.7-702.000 | F13: EP-01KEQYM0J4BDVEGR7W4RWTXKST | G13: 2026/02/16 - 2026/12/31 | H13: - | I13: INTERNET DEDICATED DAN JARINGAN METRONET | J13: METRONET | K13: METRONET | L13: - | M13: AKTIVASI | N13: 46069 | O13: 46054 | P13: [311202004363] KANTOR KELURAHAN SAGATANI - JL. SAGATANI | Q13: RKAL-DISKOMINFO.KOTA.SINGKAWANG-ZYXEL.MGS3520-CPE-03 | R13: e0/0/7 | S13: Up | T13: ok | U13: KALIMANTAN | V13: KALIMANTAN BARAT | W13: - | X13: - | Y13: - | Z13: 26671 | AA13: 200005426 | AB13: 140001941 | AC13: - | AD13: - | AE13: AKTIF | AF13: UNISOLIR | AG13: 0,00 | AH13: 0,00 | AI13: - | AJ13: 90364261 | AK13: --/--/-- | AL13: 2026/03/01 - 2026/03/31 | AM13: PREPAID | AN13: PRORATE | AO13: SUBSCRIBE | AP13: 1 - BULAN | AQ13: KALIMANTAN | AR13: KALIMANTAN BARAT | AS13: GOVERNMENT | AT13: GOVERNMENT | AU13: KALIMANTAN | AV13: KALIMANTAN TIMUR
... A25: 24 | B25: 311490003398 | C25: 311202004706 | D25: - | E25: 00.280.304.7-702.000 | F25: EP-01KEQYM0J4BDVEGR7W4RWTXKST | G25: 2026/02/16 - 2026/12/31 | H25: - | I25: INTERNET DEDICATED DAN JARINGAN METRONET | J25: METRONET | K25: METRONET | L25: - | M25: AKTIVASI | N25: 46069 | O25: 46054 | P25: [311202004383] CCTV PERBATASAN SAMBAS - JL. PASAR SEMELAGI BESAR | Q25: RKAL-SHELTER.GI.SINGKAWANG-ASR920-UPE-01 | R25: Gi0/0/20 | S25: Up | T25: ok | U25: KALIMANTAN | V25: KALIMANTAN BARAT | W25: - | X25: - | Y25: - | Z25: 26671 | AA25: 200005426 | AB25: 140001941 | AC25: - | AD25: - | AE25: AKTIF | AF25: UNISOLIR | AG25: 0,00 | AH25: 0,00 | AI25: - | AJ25: 90460029 | AK25: --/--/-- | AL25: 2026/03/01 - 2026/03/31 | AM25: PREPAID | AN25: PRORATE | AO25: SUBSCRIBE | AP25: 1 - BULAN | AQ25: KALIMANTAN | AR25: KALIMANTAN BARAT | AS25: GOVERNMENT | AT25: GOVERNMENT | AU25: KALIMANTAN | AV25: KALIMANTAN TIMUR
A26: 2 | B26: 311490003398 | C26: 311601002733 | D26: DISKOMINFO KOTA SINGKAWANG | E26: 00.280.304.7-702.000 | F26: EP-01KEQYM0J4BDVEGR7W4RWTXKST | G26: 2026/02/16 - 2026/12/31 | H26: - | I26: INTERNET DEDICATED DAN JARINGAN METRONET | J26: MANAGE SERVICE ROUTER | K26: MANAGE SERVICE ROUTER BRONZE | L26: - | M26: AKTIVASI | N26: 46069 | O26: 46054 | P26: [311601002581] PUSKESMAS SINGKAWANG TENGAH 1 - JL. SALAM DIMAN | R26: ge1/0/2 | S26: Down | T26: Perangkat Hilang | U26: KALIMANTAN | V26: KALIMANTAN BARAT | W26: - | X26: - | Y26: - | Z26: 26671 | AA26: 200005426 | AB26: 140001941 | AC26: - | AD26: - | AE26: AKTIF | AF26: UNISOLIR | AG26: 0,00 | AH26: 0,00 | AI26: - | AJ26: 90400816 | AK26: --/--/-- | AL26: 2026/03/01 - 2026/03/31 | AM26: PREPAID | AN26: PRORATE | AO26: SUBSCRIBE | AP26: 1 - BULAN | AQ26: KALIMANTAN | AR26: KALIMANTAN BARAT | AS26: GOVERNMENT | AT26: GOVERNMENT | AU26: KALIMANTAN | AV26: KALIMANTAN TIMUR
A27: 3 | B27: 311490003398 | C27: 311601002734 | D27: DISKOMINFO KOTA SINGKAWANG | E27: 00.280.304.7-702.000 | F27: EP-01KEQYM0J4BDVEGR7W4RWTXKST | G27: 2026/02/16 - 2026/12/31 | H27: - | I27: INTERNET DEDICATED DAN JARINGAN METRONET | J27: MANAGE SERVICE ROUTER | K27: MANAGE SERVICE ROUTER BRONZE | L27: - | M27: AKTIVASI | N27: 46069 | O27: 46054 | P27: [311601002582] PUSKESMAS SINGKAWANG TENGAH 2 - JL. SUNGAI BARITO | R27: - | S27: Down | T27: Perangkat Hilang | U27: KALIMANTAN | V27: KALIMANTAN BARAT | W27: - | X27: - | Y27: - | Z27: 26671 | AA27: 200005426 | AB27: 140001941 | AC27: - | AD27: - | AE27: AKTIF | AF27: UNISOLIR | AG27: 0,00 | AH27: 0,00 | AI27: - | AJ27: 90451982 | AK27: --/--/-- | AL27: 2026/03/01 - 2026/03/31 | AM27: PREPAID | AN27: PRORATE | AO27: SUBSCRIBE | AP27: 1 - BULAN | AQ27: KALIMANTAN | AR27: KALIMANTAN BARAT | AS27: GOVERNMENT | AT27: GOVERNMENT | AU27: KALIMANTAN | AV27: KALIMANTAN TIMUR
A28: 4 | B28: 311490003398 | C28: 311601002735 | D28: DISKOMINFO KOTA SINGKAWANG | E28: 00.280.304.7-702.000 | F28: EP-01KEQYM0J4BDVEGR7W4RWTXKST | G28: 2026/02/16 - 2026/12/31 | H28: - | I28: INTERNET DEDICATED DAN JARINGAN METRONET | J28: MANAGE SERVICE ROUTER | K28: MANAGE SERVICE ROUTER BRONZE | L28: - | M28: AKTIVASI | N28: 46069 | O28: 46054 | P28: [311601002583] PUSKESMAS SINGKAWANG BARAT 1 - JL. ALIANYANG | R28: - | S28: Down | T28: Perangkat Hilang | U28: KALIMANTAN | V28: KALIMANTAN BARAT | W28: - | X28: - | Y28: - | Z28: 26671 | AA28: 200005426 | AB28: 140001941 | AC28: - | AD28: - | AE28: AKTIF | AF28: UNISOLIR | AG28: 0,00 | AH28: 0,00 | AI28: - | AJ28: 90443563 | AK28: --/--/-- | AL28: 2026/03/01 - 2026/03/31 | AM28: PREPAID | AN28: PRORATE | AO28: SUBSCRIBE | AP28: 1 - BULAN | AQ28: KALIMANTAN | AR28: KALIMANTAN BARAT | AS28: GOVERNMENT | AT28: GOVERNMENT | AU28: KALIMANTAN | AV28: KALIMANTAN TIMUR
A29: 28 | B29: 311490003398 | C29: 311601002736 | D29: DISKOMINFO KOTA SINGKAWANG | E29: 00.280.304.7-702.000 | F29: EP-01KEQYM0J4BDVEGR7W4RWTXKST | G29: 2026/02/16 - 2026/12/31 | H29: - | I29: INTERNET DEDICATED DAN JARINGAN METRONET | J29: MANAGE SERVICE ROUTER | K29: MANAGE SERVICE ROUTER BRONZE | L29: - | M29: AKTIVASI | N29: 46069 | O29: 46054 | P29: [311601002584] PUSKESMAS SINGKAWANG TIMUR 2 - JL. RAYA SINGKAWANG-BENGKAYANG | R29: - | S29: Up | T29: Baru dikatifkan lagi bulan Mei 2026 | U29: KALIMANTAN | V29: KALIMANTAN BARAT | W29: - | X29: - | Y29: - | Z29: 26671 | AA29: 200005426 | AB29: 140001941 | AC29: - | AD29: - | AE29: AKTIF | AF29: UNISOLIR | AG29: 0,00 | AH29: 0,00 | AI29: - | AJ29: 90426363 | AK29: --/--/-- | AL29: 2026/03/01 - 2026/03/31 | AM29: PREPAID | AN29: PRORATE | AO29: SUBSCRIBE | AP29: 1 - BULAN | AQ29: KALIMANTAN | AR29: KALIMANTAN BARAT | AS29: GOVERNMENT | AT29: GOVERNMENT | AU29: KALIMANTAN | AV29: KALIMANTAN TIMUR
A30: 5 | B30: 311490003398 | C30: 311601002737 | D30: DISKOMINFO KOTA SINGKAWANG | E30: 00.280.304.7-702.000 | F30: EP-01KEQYM0J4BDVEGR7W4RWTXKST | G30: 2026/02/16 - 2026/12/31 | H30: - | I30: INTERNET DEDICATED DAN JARINGAN METRONET | J30: MANAGE SERVICE ROUTER | K30: MANAGE SERVICE ROUTER BRONZE | L30: - | M30: AKTIVASI | N30: 46069 | O30: 46054 | P30: [311601002585] PUSKESMAS SINGKAWANG TIMUR 1 - JL. RAYA PAJINTAN | R30: - | S30: Down | T30: Perangkat Hilang | U30: KALIMANTAN | V30: KALIMANTAN BARAT | W30: - | X30: - | Y30: - | Z30: 26671 | AA30: 200005426 | AB30: 140001941 | AC30: - | AD30: - | AE30: AKTIF | AF30: UNISOLIR | AG30: 0,00 | AH30: 0,00 | AI30: - | AJ30: 90460031 | AK30: --/--/-- | AL30: 2026/03/01 - 2026/03/31 | AM30: PREPAID | AN30: PRORATE | AO30: SUBSCRIBE | AP30: 1 - BULAN | AQ30: KALIMANTAN | AR30: KALIMANTAN BARAT | AS30: GOVERNMENT | AT30: GOVERNMENT | AU30: KALIMANTAN | AV30: KALIMANTAN TIMUR
A31: 6 | B31: 311490003398 | C31: 311601002738 | D31: DISKOMINFO KOTA SINGKAWANG | E31: 00.280.304.7-702.000 | F31: EP-01KEQYM0J4BDVEGR7W4RWTXKST | G31: 2026/02/16 - 2026/12/31 | H31: - | I31: INTERNET DEDICATED DAN JARINGAN METRONET | J31: MANAGE SERVICE ROUTER | K31: MANAGE SERVICE ROUTER BRONZE | L31: - | M31: AKTIVASI | N31: 46069 | O31: 46054 | P31: [311601002586] PUSKESMAS SINGKAWANG BARAT 2 - JL YOHANA | R31: - | S31: Down | T31: Perangkat Hilang | U31: KALIMANTAN | V31: KALIMANTAN BARAT | W31: - | X31: - | Y31: - | Z31: 26671 | AA31: 200005426 | AB31: 140001941 | AC31: - | AD31: - | AE31: AKTIF | AF31: UNISOLIR | AG31: 0,00 | AH31: 0,00 | AI31: - | AJ31: 90448252 | AK31: --/--/-- | AL31: 2026/03/01 - 2026/03/31 | AM31: PREPAID | AN31: PRORATE | AO31: SUBSCRIBE | AP31: 1 - BULAN | AQ31: KALIMANTAN | AR31: KALIMANTAN BARAT | AS31: GOVERNMENT | AT31: GOVERNMENT | AU31: KALIMANTAN | AV31: KALIMANTAN TIMUR
A32: 7 | B32: 311490003398 | C32: 311601002739 | D32: DISKOMINFO KOTA SINGKAWANG | E32: 00.280.304.7-702.000 | F32: EP-01KEQYM0J4BDVEGR7W4RWTXKST | G32: 2026/02/16 - 2026/12/31 | H32: - | I32: INTERNET DEDICATED DAN JARINGAN METRONET | J32: MANAGE SERVICE ROUTER | K32: MANAGE SERVICE ROUTER BRONZE | L32: - | M32: AKTIVASI | N32: 46069 | O32: 46054 | P32: [311601002587] PUSKESMAS SINGKAWANG UTARA 1 - JL RATU SEPUDAK | R32: - | S32: Down | T32: Perangkat Hilang | U32: KALIMANTAN | V32: KALIMANTAN BARAT | W32: - | X32: - | Y32: - | Z32: 26671 | AA32: 200005426 | AB32: 140001941 | AC32: - | AD32: - | AE32: AKTIF | AF32: UNISOLIR | AG32: 0,00 | AH32: 0,00 | AI32: - | AJ32: 90448254 | AK32: --/--/-- | AL32: 2026/03/01 - 2026/03/31 | AM32: PREPAID | AN32: PRORATE | AO32: SUBSCRIBE | AP32: 1 - BULAN | AQ32: KALIMANTAN | AR32: KALIMANTAN BARAT | AS32: GOVERNMENT | AT32: GOVERNMENT | AU32: KALIMANTAN | AV32: KALIMANTAN TIMUR
A33: 8 | B33: 311490003398 | C33: 311601002740 | D33: DISKOMINFO KOTA SINGKAWANG | E33: 00.280.304.7-702.000 | F33: EP-01KEQYM0J4BDVEGR7W4RWTXKST | G33: 2026/02/16 - 2026/12/31 | H33: - | I33: INTERNET DEDICATED DAN JARINGAN METRONET | J33: MANAGE SERVICE ROUTER | K33: MANAGE SERVICE ROUTER BRONZE | L33: - | M33: AKTIVASI | N33: 46069 | O33: 46054 | P33: [311601002588] PUSKESMAS SINGKAWANG UTARA 2 - JL. DEMANG AKUB | R33: - | S33: Down | T33: Perangkat Hilang | U33: KALIMANTAN | V33: KALIMANTAN BARAT | W33: - | X33: - | Y33: - | Z33: 26671 | AA33: 200005426 | AB33: 140001941 | AC33: - | AD33: - | AE33: AKTIF | AF33: UNISOLIR | AG33: 0,00 | AH33: 0,00 | AI33: - | AJ33: 90439902 | AK33: --/--/-- | AL33: 2026/03/01 - 2026/03/31 | AM33: PREPAID | AN33: PRORATE | AO33: SUBSCRIBE | AP33: 1 - BULAN | AQ33: KALIMANTAN | AR33: KALIMANTAN BARAT | AS33: GOVERNMENT | AT33: GOVERNMENT | AU33: KALIMANTAN | AV33: KALIMANTAN TIMUR
A34: 9 | B34: 311490003398 | C34: 311601002743 | D34: DISKOMINFO KOTA SINGKAWANG | E34: 00.280.304.7-702.000 | F34: EP-01KEQYM0J4BDVEGR7W4RWTXKST | G34: 2026/02/16 - 2026/12/31 | H34: - | I34: INTERNET DEDICATED DAN JARINGAN METRONET | J34: MANAGE SERVICE ROUTER | K34: MANAGE SERVICE ROUTER BRONZE | L34: - | M34: AKTIVASI | N34: 46069 | O34: 46054 | P34: [311601002591] DINAS PERUMAHAN PEMUKIMAN DAN PERTANAHAN - JL. AHMAD YANI NOMOR 74 | R34: - | S34: Down | T34: Info User OPD tidak digunakan -Kabel Putus, perangkat hilang karena pindah kantor/renovasi | U34: KALIMANTAN | V34: KALIMANTAN BARAT | W34: - | X34: - | Y34: - | Z34: 26671 | AA34: 200005426 | AB34: 140001941 | AC34: - | AD34: - | AE34: AKTIF | AF34: UNISOLIR | AG34: 0,00 | AH34: 0,00 | AI34: - | AJ34: 90392026 | AK34: --/--/-- | AL34: 2026/03/01 - 2026/03/31 | AM34: PREPAID | AN34: PRORATE | AO34: SUBSCRIBE | AP34: 1 - BULAN | AQ34: KALIMANTAN | AR34: KALIMANTAN BARAT | AS34: GOVERNMENT | AT34: GOVERNMENT | AU34: KALIMANTAN | AV34: KALIMANTAN TIMUR
A35: 34 | B35: 311490003398 | C35: 311601002744 | D35: DISKOMINFO KOTA SINGKAWANG | E35: 00.280.304.7-702.000 | F35: EP-01KEQYM0J4BDVEGR7W4RWTXKST | G35: 2026/02/16 - 2026/12/31 | H35: - | I35: INTERNET DEDICATED DAN JARINGAN METRONET | J35: MANAGE SERVICE ROUTER | K35: MANAGE SERVICE ROUTER BRONZE | L35: - | M35: AKTIVASI | N35: 46069 | O35: 46054 | P35: [311601002592] DINAS LINGKUNGAN HIDUP - JL. MERDEKA NO. 78 | R35: - | S35: Down | T35: Perangkat ada | U35: KALIMANTAN | V35: KALIMANTAN BARAT | W35: - | X35: - | Y35: - | Z35: 26671 | AA35: 200005426 | AB35: 140001941 | AC35: - | AD35: - | AE35: AKTIF | AF35: UNISOLIR | AG35: 0,00 | AH35: 0,00 | AI35: - | AJ35: 90443565 | AK35: --/--/-- | AL35: 2026/03/01 - 2026/03/31 | AM35: PREPAID | AN35: PRORATE | AO35: SUBSCRIBE | AP35: 1 - BULAN | AQ35: KALIMANTAN | AR35: KALIMANTAN BARAT | AS35: GOVERNMENT | AT35: GOVERNMENT | AU35: KALIMANTAN | AV35: KALIMANTAN TIMUR
A36: 35 | B36: 311490003398 | C36: 311601002779 | D36: - | E36: 00.280.304.7-702.000 | F36: EP-01KEQYM0J4BDVEGR7W4RWTXKST | G36: 2026/02/16 - 2026/12/31 | H36: - | I36: INTERNET DEDICATED DAN JARINGAN METRONET | J36: MANAGE SERVICE ROUTER | K36: MANAGE SERVICE ROUTER BRONZE | L36: - | M36: AKTIVASI | N36: 46069 | O36: 46054 | P36: [311601002593] BADAN KEUANGAN DAERAH KOTA SINGKAWANG - JL. FIRDAUS | R36: - | S36: Down | T36: Digunakan -perangkat nyala -OPM ke perangkat -2.56dB - OPM ke HO -7.78 dB | U36: KALIMANTAN | V36: KALIMANTAN BARAT | W36: - | X36: - | Y36: - | Z36: 26671 | AA36: 200005426 | AB36: 140001941 | AC36: - | AD36: - | AE36: AKTIF | AF36: UNISOLIR | AG36: 0,00 | AH36: 0,00 | AI36: - | AJ36: 90400818 | AK36: --/--/-- | AL36: 2026/03/01 - 2026/03/31 | AM36: PREPAID | AN36: PRORATE | AO36: SUBSCRIBE | AP36: 1 - BULAN | AQ36: KALIMANTAN | AR36: KALIMANTAN BARAT | AS36: GOVERNMENT | AT36: GOVERNMENT | AU36: KALIMANTAN | AV36: KALIMANTAN TIMUR
A37: 36 | B37: 311490003398 | C37: 311601002745 | D37: DISKOMINFO KOTA SINGKAWANG | E37: 00.280.304.7-702.000 | F37: EP-01KEQYM0J4BDVEGR7W4RWTXKST | G37: 2026/02/16 - 2026/12/31 | H37: - | I37: INTERNET DEDICATED DAN JARINGAN METRONET | J37: MANAGE SERVICE ROUTER | K37: MANAGE SERVICE ROUTER BRONZE | L37: - | M37: AKTIVASI | N37: 46069 | O37: 46054 | P37: [311601002594] DISHUB KIR SINGKAWANG - JL. KRIDASANA | R37: - | S37: Down | T37: Digunakan -Hasil OPM kearah HO Low - OPM ke arah rb2011 -3.37 -OTDR putus 157.6 m dari user - Perangkat nyala -ada UTP yang kecolok, user masih mau pakai untuk backup | U37: KALIMANTAN | V37: KALIMANTAN BARAT | W37: - | X37: - | Y37: - | Z37: 26671 | AA37: 200005426 | AB37: 140001941 | AC37: - | AD37: - | AE37: AKTIF | AF37: UNISOLIR | AG37: 0,00 | AH37: 0,00 | AI37: - | AJ37: 90460032 | AK37: --/--/-- | AL37: 2026/03/01 - 2026/03/31 | AM37: PREPAID | AN37: PRORATE | AO37: SUBSCRIBE | AP37: 1 - BULAN | AQ37: KALIMANTAN | AR37: KALIMANTAN BARAT | AS37: GOVERNMENT | AT37: GOVERNMENT | AU37: KALIMANTAN | AV37: KALIMANTAN TIMUR
... A63: 62 | B63: 311490003398 | C63: 311601002767 | D63: - | E63: 00.280.304.7-702.000 | F63: EP-01KEQYM0J4BDVEGR7W4RWTXKST | G63: 2026/02/16 - 2026/12/31 | H63: - | I63: INTERNET DEDICATED DAN JARINGAN METRONET | J63: MANAGE SERVICE ROUTER | K63: MANAGE SERVICE ROUTER BRONZE | L63: - | M63: AKTIVASI | N63: 46069 | O63: 46054 | P63: [311601002620] KANTOR CAMAT SINGKAWANG UTARA - JL. SINKA PERMAI | R63: - | S63: Down | T63: Perangkat Ada | U63: KALIMANTAN | V63: KALIMANTAN BARAT | W63: - | X63: - | Y63: - | Z63: 26671 | AA63: 200005426 | AB63: 140001941 | AC63: - | AD63: - | AE63: AKTIF | AF63: UNISOLIR | AG63: 0,00 | AH63: 0,00 | AI63: - | AJ63: 90410553 | AK63: --/--/-- | AL63: 2026/03/01 - 2026/03/31 | AM63: PREPAID | AN63: PRORATE | AO63: SUBSCRIBE | AP63: 1 - BULAN | AQ63: KALIMANTAN | AR63: KALIMANTAN BARAT | AS63: GOVERNMENT | AT63: GOVERNMENT | AU63: KALIMANTAN | AV63: KALIMANTAN TIMUR
A64: 63 | B64: 311490003398 | C64: 311202004670 | D64: DISKOMINFO KOTA SINGKAWANG | E64: 00.280.304.7-702.000 | F64: EP-01KEQYM0J4BDVEGR7W4RWTXKST | G64: 2026/02/16 - 2026/12/31 | H64: - | I64: INTERNET DEDICATED DAN JARINGAN METRONET | J64: METRONET | K64: METRONET | L64: - | M64: AKTIVASI | N64: 46069 | O64: 46054 | P64: [311202004349] BADAN PERENCANAAN DAN PEMBANGUNAN - JL. PELITA | Q64: RKAL-DISKOMINFO.KOTA.SINGKAWANG-ZYXEL.MGS3520-CPE-02 | R64: e 0/0/6 | S64: Up | T64: ok | U64: KALIMANTAN | V64: KALIMANTAN BARAT | W64: DISKOMINFO KOTA SINGKAWANG - JL. AHMAD YANI NO. 76 | X64: KALIMANTAN | Y64: KALIMANTAN BARAT | Z64: 26671 | AA64: 200005426 | AB64: 140001941 | AC64: - | AD64: - | AE64: AKTIF | AF64: UNISOLIR | AG64: 0,00 | AH64: 0,00 | AI64: - | AJ64: 90443543 | AK64: --/--/-- | AL64: 2026/03/01 - 2026/03/31 | AM64: PREPAID | AN64: PRORATE | AO64: SUBSCRIBE | AP64: 1 - BULAN | AQ64: KALIMANTAN | AR64: KALIMANTAN BARAT | AS64: GOVERNMENT | AT64: GOVERNMENT | AU64: KALIMANTAN | AV64: KALIMANTAN TIMUR
A65: 64 | B65: 311490003398 | C65: 311601002768 | D65: - | E65: 00.280.304.7-702.000 | F65: EP-01KEQYM0J4BDVEGR7W4RWTXKST | G65: 2026/02/16 - 2026/12/31 | H65: - | I65: INTERNET DEDICATED DAN JARINGAN METRONET | J65: MANAGE SERVICE ROUTER | K65: MANAGE SERVICE ROUTER BRONZE | L65: - | M65: AKTIVASI | N65: 46069 | O65: 46054 | P65: [311601002621] KANTOR KELURAHAN NYARUMKOP - JL. SINGKAWANG - BENGKAYANG | Q65: - | R65: - | S65: Up | T65: ok | U65: KALIMANTAN | V65: KALIMANTAN BARAT | W65: DISKOMINFO KOTA SINGKAWANG - JL. AHMAD YANI NO. 76 | X65: KALIMANTAN | Y65: KALIMANTAN BARAT | Z65: 26671 | AA65: 200005426 | AB65: 140001941 | AC65: - | AD65: - | AE65: AKTIF | AF65: UNISOLIR | AG65: 4151532 | AH65: 0,00 | AI65: - | AJ65: 90360815 | AK65: --/--/-- | AL65: 2026/03/01 - 2026/03/31 | AM65: PREPAID | AN65: PRORATE | AO65: SUBSCRIBE | AP65: 1 - BULAN | AQ65: KALIMANTAN | AR65: KALIMANTAN BARAT | AS65: GOVERNMENT | AT65: GOVERNMENT | AU65: KALIMANTAN | AV65: KALIMANTAN TIMUR
A66: 65 | B66: 311490003398 | C66: 311601002769 | D66: - | E66: 00.280.304.7-702.000 | F66: EP-01KEQYM0J4BDVEGR7W4RWTXKST | G66: 2026/02/16 - 2026/12/31 | H66: - | I66: INTERNET DEDICATED DAN JARINGAN METRONET | J66: MANAGE SERVICE ROUTER | K66: MANAGE SERVICE ROUTER BRONZE | L66: - | M66: AKTIVASI | N66: 46069 | O66: 46054 | P66: [311601002622] KECAMATAN SINGKAWANG SELATAN - JL. RAYA SEDAU NO. 16 | R66: - | S66: Up | T66: ok | U66: KALIMANTAN | V66: KALIMANTAN BARAT | W66: - | X66: - | Y66: - | Z66: 26671 | AA66: 200005426 | AB66: 140001941 | AC66: - | AD66: - | AE66: AKTIF | AF66: UNISOLIR | AG66: 3158559 | AH66: 0,00 | AI66: - | AJ66: 90378954 | AK66: --/--/-- | AL66: 2026/03/01 - 2026/03/31 | AM66: PREPAID | AN66: PRORATE | AO66: SUBSCRIBE | AP66: 1 - BULAN | AQ66: KALIMANTAN | AR66: KALIMANTAN BARAT | AS66: GOVERNMENT | AT66: GOVERNMENT | AU66: KALIMANTAN | AV66: KALIMANTAN TIMUR
A67: 66 | B67: 311490003398 | C67: 311202004696 | D67: DISKOMINFO KOTA SINGKAWANG | E67: 00.280.304.7-702.000 | F67: EP-01KEQYM0J4BDVEGR7W4RWTXKST | G67: 2026/02/16 - 2026/12/31 | H67: - | I67: INTERNET DEDICATED DAN JARINGAN METRONET | J67: METRONET | K67: METRONET | L67: - | M67: AKTIVASI | N67: 46069 | O67: 46054 | P67: [311202004389] CCTV NEW FASHION - JL. GM SITUT 26-22, CONDONG | Q67: RKAL-DISKOMINFO.KOTA.SINGKAWANG-ZYXEL.MGS3520-CPE-04 | R67: e 0/0/15 | S67: Up | T67: ok | U67: KALIMANTAN | V67: KALIMANTAN BARAT | W67: DISKOMINFO KOTA SINGKAWANG - JL. AHMAD YANI NO. 76 | X67: KALIMANTAN | Y67: KALIMANTAN BARAT | Z67: 26671 | AA67: 200005426 | AB67: 140001941 | AC67: - | AD67: - | AE67: AKTIF | AF67: UNISOLIR | AG67: 0,09 | AH67: 0,00 | AI67: - | AJ67: 90443546 | AK67: --/--/-- | AL67: 2026/03/01 - 2026/03/31 | AM67: PREPAID | AN67: PRORATE | AO67: SUBSCRIBE | AP67: 1 - BULAN | AQ67: KALIMANTAN | AR67: KALIMANTAN BARAT | AS67: GOVERNMENT | AT67: GOVERNMENT | AU67: KALIMANTAN | AV67: KALIMANTAN TIMUR
A68: 67 | B68: 311490003398 | C68: 311601002770 | D68: - | E68: 00.280.304.7-702.000 | F68: EP-01KEQYM0J4BDVEGR7W4RWTXKST | G68: 2026/02/16 - 2026/12/31 | H68: - | I68: INTERNET DEDICATED DAN JARINGAN METRONET | J68: MANAGE SERVICE ROUTER | K68: MANAGE SERVICE ROUTER BRONZE | L68: - | M68: AKTIVASI | N68: 46069 | O68: 46054 | P68: [311601002623] KANTOR KELURAHAN SAGATANI - | R68: - | S68: Up | T68: ok | U68: KALIMANTAN | V68: KALIMANTAN BARAT | W68: - | X68: - | Y68: - | Z68: 26671 | AA68: 200005426 | AB68: 140001941 | AC68: - | AD68: - | AE68: AKTIF | AF68: UNISOLIR | AG68: 18607153 | AH68: 0,00 | AI68: 0 | AJ68: 0 | AK68: --/--/-- | AL68: --/--/-- - --/--/-- | AM68: PREPAID | AN68: PRORATE | AO68: SUBSCRIBE | AP68: 1 - BULAN | AQ68: KALIMANTAN | AR68: KALIMANTAN BARAT | AS68: GOVERNMENT | AT68: GOVERNMENT | AU68: KALIMANTAN | AV68: KALIMANTAN TIMUR
A69: 68 | B69: 311490003398 | C69: 311401002730 | D69: DISKOMINFO KOTA SINGKAWANG | E69: 00.280.304.7-702.000 | F69: EP-01KEQYM0J4BDVEGR7W4RWTXKST | G69: 2026/02/16 - 2026/12/31 | H69: - | I69: INTERNET DEDICATED DAN JARINGAN METRONET | J69: INTERNET BROADBAND CORPORATE | K69: INTERNET BROADBAND CORPORATE IP PUBLIK | L69: - | M69: AKTIVASI | N69: 46069 | O69: 46054 | P69: DISKOMINFO KOTA SINGKAWANG - JL. AHMAD YANI NO. 76 | Q69: RKAL-DISKOMINFO.KOTA.SINGKAWANG-ZYXEL.MGS3520-CPE-04 | R69: e 0/0/24 | S69: Up | T69: ok | U69: KALIMANTAN | V69: KALIMANTAN BARAT | W69: - | X69: - | Y69: - | Z69: 26671 | AA69: 200005426 | AB69: 140001941 | AC69: - | AD69: - | AE69: AKTIF | AF69: UNISOLIR | AG69: 4144595 | AH69: 0,00 | AI69: - | AJ69: 90378201 | AK69: --/--/-- | AL69: 2026/03/01 - 2026/03/31 | AM69: PREPAID | AN69: PRORATE | AO69: SUBSCRIBE | AP69: 1 - BULAN | AQ69: KALIMANTAN | AR69: KALIMANTAN BARAT | AS69: GOVERNMENT | AT69: GOVERNMENT | AU69: KALIMANTAN | AV69: KALIMANTAN TIMUR
A70: 69 | B70: 311490003398 | C70: 311601002771 | D70: - | E70: 00.280.304.7-702.000 | F70: EP-01KEQYM0J4BDVEGR7W4RWTXKST | G70: 2026/02/16 - 2026/12/31 | H70: - | I70: INTERNET DEDICATED DAN JARINGAN METRONET | J70: MANAGE SERVICE ROUTER | K70: MANAGE SERVICE ROUTER BRONZE | L70: - | M70: AKTIVASI | N70: 46069 | O70: 46054 | P70: [311601002624] KANTOR KELURAHAN SANGGAU KULOR - JL. SANGGAU KULOR | R70: - | S70: Up | T70: ok | U70: KALIMANTAN | V70: KALIMANTAN BARAT | W70: - | X70: - | Y70: - | Z70: 26671 | AA70: 200005426 | AB70: 140001941 | AC70: - | AD70: - | AE70: AKTIF | AF70: UNISOLIR | AG70: 4970991 | AH70: 0,00 | AI70: - | AJ70: 90448224 | AK70: --/--/-- | AL70: 2026/03/01 - 2026/03/31 | AM70: PREPAID | AN70: PRORATE | AO70: SUBSCRIBE | AP70: 1 - BULAN | AQ70: KALIMANTAN | AR70: KALIMANTAN BARAT | AS70: GOVERNMENT | AT70: GOVERNMENT | AU70: KALIMANTAN | AV70: KALIMANTAN TIMUR
A71: 70 | B71: 311490003398 | C71: 311601002772 | D71: - | E71: 00.280.304.7-702.000 | F71: EP-01KEQYM0J4BDVEGR7W4RWTXKST | G71: 2026/02/16 - 2026/12/31 | H71: - | I71: INTERNET DEDICATED DAN JARINGAN METRONET | J71: MANAGE SERVICE ROUTER | K71: MANAGE SERVICE ROUTER BRONZE | L71: - | M71: AKTIVASI | N71: 46069 | O71: 46054 | P71: [311601002625] DINAS KEPENDUDUKAN DAN PENCATATAN SIPIL - JL DR. SUTOMO | R71: - | S71: Up | T71: ok | U71: KALIMANTAN | V71: KALIMANTAN BARAT | W71: - | X71: - | Y71: - | Z71: 26671 | AA71: 200005426 | AB71: 140001941 | AC71: - | AD71: - | AE71: AKTIF | AF71: UNISOLIR | AG71: 3097117 | AH71: 0,00 | AI71: - | AJ71: 90362616 | AK71: --/--/-- | AL71: 2026/03/01 - 2026/03/31 | AM71: PREPAID | AN71: PRORATE | AO71: SUBSCRIBE | AP71: 1 - BULAN | AQ71: KALIMANTAN | AR71: KALIMANTAN BARAT | AS71: GOVERNMENT | AT71: GOVERNMENT | AU71: KALIMANTAN | AV71: KALIMANTAN TIMUR
A72: 71 | B72: 311490003398 | C72: 311202004671 | D72: DISKOMINFO KOTA SINGKAWANG | E72: 00.280.304.7-702.000 | F72: EP-01KEQYM0J4BDVEGR7W4RWTXKST | G72: 2026/02/16 - 2026/12/31 | H72: - | I72: INTERNET DEDICATED DAN JARINGAN METRONET | J72: METRONET | K72: METRONET | L72: - | M72: AKTIVASI | N72: 46069 | O72: 46054 | P72: [311202004350] SEKRETARIAT DAERAH KOTA SINGKAWANG - JL. FIRDAUS NO.1 | Q72: RKAL-DISKOMINFO.KOTA.SINGKAWANG-ZYXEL.MGS3520-CPE-02 | R72: e 0/0/17 | S72: Up | T72: ok | U72: KALIMANTAN | V72: KALIMANTAN BARAT | W72: DISKOMINFO KOTA SINGKAWANG - JL. AHMAD YANI NO. 76 | X72: KALIMANTAN | Y72: KALIMANTAN BARAT | Z72: 26671 | AA72: 200005426 | AB72: 140001941 | AC72: - | AD72: - | AE72: AKTIF | AF72: UNISOLIR | AG72: 0,00 | AH72: 0,00 | AI72: - | AJ72: 90415458 | AK72: --/--/-- | AL72: 2026/03/01 - 2026/03/31 | AM72: PREPAID | AN72: PRORATE | AO72: SUBSCRIBE | AP72: 1 - BULAN | AQ72: KALIMANTAN | AR72: KALIMANTAN BARAT | AS72: GOVERNMENT | AT72: GOVERNMENT | AU72: KALIMANTAN | AV72: KALIMANTAN TIMUR
A73: 10 | B73: 311490003398 | C73: 311202004672 | D73: DISKOMINFO KOTA SINGKAWANG | E73: 00.280.304.7-702.000 | F73: EP-01KEQYM0J4BDVEGR7W4RWTXKST | G73: 2026/02/16 - 2026/12/31 | H73: - | I73: INTERNET DEDICATED DAN JARINGAN METRONET | J73: METRONET | K73: METRONET | L73: - | M73: AKTIVASI | N73: 46069 | O73: 46054 | P73: [311202004385] DINAS LINGKUNGAN HIDUP - JL. MERDEKA NO. 78 | Q73: RKAL-DISKOMINFO.KOTA.SINGKAWANG-ZYXEL.MGS3520-CPE-04 | R73: e 0/0/6 | S73: Down | T73: Perangkat ada | U73: KALIMANTAN | V73: KALIMANTAN BARAT | W73: DISKOMINFO KOTA SINGKAWANG - JL. AHMAD YANI NO. 76 | X73: KALIMANTAN | Y73: KALIMANTAN BARAT | Z73: 26671 | AA73: 200005426 | AB73: 140001941 | AC73: - | AD73: - | AE73: AKTIF | AF73: UNISOLIR | AG73: 0,00 | AH73: 0,00 | AI73: - | AJ73: 90428102 | AK73: --/--/-- | AL73: 2026/03/01 - 2026/03/31 | AM73: PREPAID | AN73: PRORATE | AO73: SUBSCRIBE | AP73: 1 - BULAN | AQ73: KALIMANTAN | AR73: KALIMANTAN BARAT | AS73: GOVERNMENT | AT73: GOVERNMENT | AU73: KALIMANTAN | AV73: KALIMANTAN TIMUR
A74: 11 | B74: 311490003398 | C74: 311202004673 | D74: DISKOMINFO KOTA SINGKAWANG | E74: 00.280.304.7-702.000 | F74: EP-01KEQYM0J4BDVEGR7W4RWTXKST | G74: 2026/02/16 - 2026/12/31 | H74: - | I74: INTERNET DEDICATED DAN JARINGAN METRONET | J74: METRONET | K74: METRONET | L74: - | M74: AKTIVASI | N74: 46069 | O74: 46054 | P74: [311202004335] PUSKESMAS SINGKAWANG TIMUR 1 - JL. RAYA PAJINTAN | Q74: RKAL-SHELTER.GI.SINGKAWANG-FH.S4830-CPE-01 | R74: ge1/0/8 | S74: Down | T74: Perangkat Hilang | U74: KALIMANTAN | V74: KALIMANTAN BARAT | W74: DISKOMINFO KOTA SINGKAWANG - JL. AHMAD YANI NO. 76 | X74: KALIMANTAN | Y74: KALIMANTAN BARAT | Z74: 26671 | AA74: 200005426 | AB74: 140001941 | AC74: - | AD74: - | AE74: AKTIF | AF74: UNISOLIR | AG74: 0,00 | AH74: 0,00 | AI74: - | AJ74: 90460019 | AK74: --/--/-- | AL74: 2026/03/01 - 2026/03/31 | AM74: PREPAID | AN74: PRORATE | AO74: SUBSCRIBE | AP74: 1 - BULAN | AQ74: KALIMANTAN | AR74: KALIMANTAN BARAT | AS74: GOVERNMENT | AT74: GOVERNMENT | AU74: KALIMANTAN | AV74: KALIMANTAN TIMUR
A75: 12 | B75: 311490003398 | C75: 311202004674 | D75: DISKOMINFO KOTA SINGKAWANG | E75: 00.280.304.7-702.000 | F75: EP-01KEQYM0J4BDVEGR7W4RWTXKST | G75: 2026/02/16 - 2026/12/31 | H75: - | I75: INTERNET DEDICATED DAN JARINGAN METRONET | J75: METRONET | K75: METRONET | L75: - | M75: AKTIVASI | N75: 46069 | O75: 46054 | P75: [311202004336] PUSKESMAS SINGKAWANG UTARA 1 - JL. RATU SEPUDAK | Q75: RKAL-SHELTER.GI.SINGKAWANG-FH.S4830-CPE-02 | R75: ge1/0/6 | S75: Down | T75: Perangkat Hilang | U75: KALIMANTAN | V75: KALIMANTAN BARAT | W75: DISKOMINFO KOTA SINGKAWANG - JL. AHMAD YANI NO. 76 | X75: KALIMANTAN | Y75: KALIMANTAN BARAT | Z75: 26671 | AA75: 200005426 | AB75: 140001941 | AC75: - | AD75: - | AE75: AKTIF | AF75: UNISOLIR | AG75: 0,00 | AH75: 0,00 | AI75: - | AJ75: 90360139 | AK75: --/--/-- | AL75: 2026/03/01 - 2026/03/31 | AM75: PREPAID | AN75: PRORATE | AO75: SUBSCRIBE | AP75: 1 - BULAN | AQ75: KALIMANTAN | AR75: KALIMANTAN BARAT | AS75: GOVERNMENT | AT75: GOVERNMENT | AU75: KALIMANTAN | AV75: KALIMANTAN TIMUR
A76: 13 | B76: 311490003398 | C76: 311202004675 | D76: DISKOMINFO KOTA SINGKAWANG | E76: 00.280.304.7-702.000 | F76: EP-01KEQYM0J4BDVEGR7W4RWTXKST | G76: 2026/02/16 - 2026/12/31 | H76: - | I76: INTERNET DEDICATED DAN JARINGAN METRONET | J76: METRONET | K76: METRONET | L76: - | M76: AKTIVASI | N76: 46069 | O76: 46054 | P76: [311202004337] PUSKESMAS SINGKAWANG BARAT 2 - JL. YOHANA | Q76: RKAL-SHELTER.GI.SINGKAWANG-FH.S4830-CPE-01 | R76: ge1/0/1 | S76: Down | T76: Perangkat Hilang | U76: KALIMANTAN | V76: KALIMANTAN BARAT | W76: DISKOMINFO KOTA SINGKAWANG - JL. AHMAD YANI NO. 76 | X76: KALIMANTAN | Y76: KALIMANTAN BARAT | Z76: 26671 | AA76: 200005426 | AB76: 140001941 | AC76: - | AD76: - | AE76: AKTIF | AF76: UNISOLIR | AG76: 0,00 | AH76: 0,00 | AI76: - | AJ76: 90460021 | AK76: --/--/-- | AL76: 2026/03/01 - 2026/03/31 | AM76: PREPAID | AN76: PRORATE | AO76: SUBSCRIBE | AP76: 1 - BULAN | AQ76: KALIMANTAN | AR76: KALIMANTAN BARAT | AS76: GOVERNMENT | AT76: GOVERNMENT | AU76: KALIMANTAN | AV76: KALIMANTAN TIMUR
A77: 14 | B77: 311490003398 | C77: 311202004676 | D77: DISKOMINFO KOTA SINGKAWANG | E77: 00.280.304.7-702.000 | F77: EP-01KEQYM0J4BDVEGR7W4RWTXKST | G77: 2026/02/16 - 2026/12/31 | H77: - | I77: INTERNET DEDICATED DAN JARINGAN METRONET | J77: METRONET | K77: METRONET | L77: - | M77: AKTIVASI | N77: 46069 | O77: 46054 | P77: [311202004341] PUSKESMAS SINGKAWANG SELATAN 1 - JL. SEDAU | Q77: RKAL-SHELTER.GI.SINGKAWANG-FH.S4830-CPE-01 | R77: ge1/0/4 | S77: Down | T77: Perangkat Hilang | U77: KALIMANTAN | V77: KALIMANTAN BARAT | W77: DISKOMINFO KOTA SINGKAWANG - JL. AHMAD YANI NO. 76 | X77: KALIMANTAN | Y77: KALIMANTAN BARAT | Z77: 26671 | AA77: 200005426 | AB77: 140001941 | AC77: - | AD77: - | AE77: AKTIF | AF77: UNISOLIR | AG77: 0,00 | AH77: 0,00 | AI77: - | AJ77: 90460023 | AK77: --/--/-- | AL77: 2026/03/01 - 2026/03/31 | AM77: PREPAID | AN77: PRORATE | AO77: SUBSCRIBE | AP77: 1 - BULAN | AQ77: KALIMANTAN | AR77: KALIMANTAN BARAT | AS77: GOVERNMENT | AT77: GOVERNMENT | AU77: KALIMANTAN | AV77: KALIMANTAN TIMUR
A78: 77 | B78: 311490003398 | C78: 311202004677 | D78: DISKOMINFO KOTA SINGKAWANG | E78: 00.280.304.7-702.000 | F78: EP-01KEQYM0J4BDVEGR7W4RWTXKST | G78: 2026/02/16 - 2026/12/31 | H78: - | I78: INTERNET DEDICATED DAN JARINGAN METRONET | J78: METRONET | K78: METRONET | L78: - | M78: AKTIVASI | N78: 46069 | O78: 46054 | P78: [311202004345] CCTV BUNDARAN AI - DISKOMINFO KOTA SINGKAWANG - JL. AHMAD YANI | Q78: RKAL-MINI.ODC.UP3.SINGKAWANG-BD.2928-CPE-01 | R78: g0/22 | S78: Up | T78: ok | U78: KALIMANTAN | V78: KALIMANTAN BARAT | W78: DISKOMINFO KOTA SINGKAWANG - JL. AHMAD YANI NO. 76 | X78: KALIMANTAN | Y78: KALIMANTAN BARAT | Z78: 26671 | AA78: 200005426 | AB78: 140001941 | AC78: - | AD78: - | AE78: AKTIF | AF78: UNISOLIR | AG78: 0,00 | AH78: 0,00 | AI78: - | AJ78: 90409899 | AK78: --/--/-- | AL78: 2026/03/01 - 2026/03/31 | AM78: PREPAID | AN78: PRORATE | AO78: SUBSCRIBE | AP78: 1 - BULAN | AQ78: KALIMANTAN | AR78: KALIMANTAN BARAT | AS78: GOVERNMENT | AT78: GOVERNMENT | AU78: KALIMANTAN | AV78: KALIMANTAN TIMUR
A79: 15 | B79: 311490003398 | C79: 311202004678 | D79: DISKOMINFO KOTA SINGKAWANG | E79: 00.280.304.7-702.000 | F79: EP-01KEQYM0J4BDVEGR7W4RWTXKST | G79: 2026/02/16 - 2026/12/31 | H79: - | I79: INTERNET DEDICATED DAN JARINGAN METRONET | J79: METRONET | K79: METRONET | L79: - | M79: AKTIVASI | N79: 46069 | O79: 46054 | P79: [311202004346] PUSKESMAS SINGKAWANG TIMUR 2 - JL. RAYA SINGKAWANG-BENGKAYANG | Q79: RKAL-SHELTER.GI.SINGKAWANG-FH.S4830-CPE-01 | R79: ge1/0/9 | S79: Down | T79: Perangkat Hilang | U79: KALIMANTAN | V79: KALIMANTAN BARAT | W79: DISKOMINFO KOTA SINGKAWANG - JL. AHMAD YANI NO. 76 | X79: KALIMANTAN | Y79: KALIMANTAN BARAT | Z79: 26671 | AA79: 200005426 | AB79: 140001941 | AC79: - | AD79: - | AE79: AKTIF | AF79: UNISOLIR | AG79: 0,00 | AH79: 0,00 | AI79: - | AJ79: 90448225 | AK79: --/--/-- | AL79: 2026/03/01 - 2026/03/31 | AM79: PREPAID | AN79: PRORATE | AO79: SUBSCRIBE | AP79: 1 - BULAN | AQ79: KALIMANTAN | AR79: KALIMANTAN BARAT | AS79: GOVERNMENT | AT79: GOVERNMENT | AU79: KALIMANTAN | AV79: KALIMANTAN TIMUR
A80: 79 | B80: 311490003398 | C80: 311202004679 | D80: DISKOMINFO KOTA SINGKAWANG | E80: 00.280.304.7-702.000 | F80: EP-01KEQYM0J4BDVEGR7W4RWTXKST | G80: 2026/02/16 - 2026/12/31 | H80: - | I80: INTERNET DEDICATED DAN JARINGAN METRONET | J80: METRONET | K80: METRONET | L80: - | M80: AKTIVASI | N80: 46069 | O80: 46054 | P80: [311202004347] BKPSDM - JL. FIRDAUS, PASIRAN | Q80: RKAL-DISKOMINFO.KOTA.SINGKAWANG-ZYXEL.MGS3520-CPE-02 | R80: e 0/0/15 | S80: Up | T80: ok | U80: KALIMANTAN | V80: KALIMANTAN BARAT | W80: DISKOMINFO KOTA SINGKAWANG - JL. AHMAD YANI NO. 76 | X80: KALIMANTAN | Y80: KALIMANTAN BARAT | Z80: 26671 | AA80: 200005426 | AB80: 140001941 | AC80: - | AD80: - | AE80: AKTIF | AF80: UNISOLIR | AG80: 0,00 | AH80: 0,00 | AI80: - | AJ80: 90443548 | AK80: --/--/-- | AL80: 2026/03/01 - 2026/03/31 | AM80: PREPAID | AN80: PRORATE | AO80: SUBSCRIBE | AP80: 1 - BULAN | AQ80: KALIMANTAN | AR80: KALIMANTAN BARAT | AS80: GOVERNMENT | AT80: GOVERNMENT | AU80: KALIMANTAN | AV80: KALIMANTAN TIMUR
A81: 80 | B81: 311490003398 | C81: 311202004680 | D81: DISKOMINFO KOTA SINGKAWANG | E81: 00.280.304.7-702.000 | F81: EP-01KEQYM0J4BDVEGR7W4RWTXKST | G81: 2026/02/16 - 2026/12/31 | H81: - | I81: INTERNET DEDICATED DAN JARINGAN METRONET | J81: METRONET | K81: METRONET | L81: - | M81: AKTIVASI | N81: 46069 | O81: 46054 | P81: [311202004348] INSPEKTORAT - JL. ALIANYANG NO.1 | Q81: RKAL-DISKOMINFO.KOTA.SINGKAWANG-ZYXEL.MGS3520-CPE-02 | R81: e 0/0/16 | S81: Up | T81: ok | U81: KALIMANTAN | V81: KALIMANTAN BARAT | W81: DISKOMINFO KOTA SINGKAWANG - JL. AHMAD YANI NO. 76 | X81: KALIMANTAN | Y81: KALIMANTAN BARAT | Z81: 26671 | AA81: 200005426 | AB81: 140001941 | AC81: - | AD81: - | AE81: AKTIF | AF81: UNISOLIR | AG81: 0,00 | AH81: 0,00 | AI81: - | AJ81: 90400798 | AK81: --/--/-- | AL81: 2026/03/01 - 2026/03/31 | AM81: PREPAID | AN81: PRORATE | AO81: SUBSCRIBE | AP81: 1 - BULAN | AQ81: KALIMANTAN | AR81: KALIMANTAN BARAT | AS81: GOVERNMENT | AT81: GOVERNMENT | AU81: KALIMANTAN | AV81: KALIMANTAN TIMUR
A82: 16 | B82: 311490003398 | C82: 311202004681 | D82: DISKOMINFO KOTA SINGKAWANG | E82: 00.280.304.7-702.000 | F82: EP-01KEQYM0J4BDVEGR7W4RWTXKST | G82: 2026/02/16 - 2026/12/31 | H82: - | I82: INTERNET DEDICATED DAN JARINGAN METRONET | J82: METRONET | K82: METRONET | L82: - | M82: AKTIVASI | N82: 46069 | O82: 46054 | P82: [311202004353] DISPORA - JL. KRIDASANA, SINGKAWANG BARAT | Q82: RKAL-DISKOMINFO.KOTA.SINGKAWANG-ZYXEL.MGS3520-CPE-02 | R82: e 0/0/5 | S82: Down | T82: Perangkat ada | U82: KALIMANTAN | V82: KALIMANTAN BARAT | W82: DISKOMINFO KOTA SINGKAWANG - JL. AHMAD YANI NO. 76 | X82: KALIMANTAN | Y82: KALIMANTAN BARAT | Z82: 26671 | AA82: 200005426 | AB82: 140001941 | AC82: - | AD82: - | AE82: AKTIF | AF82: UNISOLIR | AG82: 0,00 | AH82: 0,00 | AI82: - | AJ82: 90448228 | AK82: --/--/-- | AL82: 2026/03/01 - 2026/03/31 | AM82: PREPAID | AN82: PRORATE | AO82: SUBSCRIBE | AP82: 1 - BULAN | AQ82: KALIMANTAN | AR82: KALIMANTAN BARAT | AS82: GOVERNMENT | AT82: GOVERNMENT | AU82: KALIMANTAN | AV82: KALIMANTAN TIMUR
A83: 82 | B83: 311490003398 | C83: 311601002773 | D83: - | E83: 00.280.304.7-702.000 | F83: EP-01KEQYM0J4BDVEGR7W4RWTXKST | G83: 2026/02/16 - 2026/12/31 | H83: - | I83: INTERNET DEDICATED DAN JARINGAN METRONET | J83: MANAGE SERVICE ROUTER | K83: MANAGE SERVICE ROUTER BRONZE | L83: - | M83: AKTIVASI | N83: 46069 | O83: 46054 | P83: [311601002626] BADAN KESATUAN BANGSA DAN POLITIK - JL. DR. SUTOMO | R83: - | S83: Up | T83: ok | U83: KALIMANTAN | V83: KALIMANTAN BARAT | W83: DISKOMINFO KOTA SINGKAWANG - JL. AHMAD YANI NO. 76 | X83: KALIMANTAN | Y83: KALIMANTAN BARAT | Z83: 26671 | AA83: 200005426 | AB83: 140001941 | AC83: - | AD83: - | AE83: AKTIF | AF83: UNISOLIR | AG83: 0,00 | AH83: 0,00 | AI83: - | AJ83: 90448230 | AK83: --/--/-- | AL83: 2026/03/01 - 2026/03/31 | AM83: PREPAID | AN83: PRORATE | AO83: SUBSCRIBE | AP83: 1 - BULAN | AQ83: KALIMANTAN | AR83: KALIMANTAN BARAT | AS83: GOVERNMENT | AT83: GOVERNMENT | AU83: KALIMANTAN | AV83: KALIMANTAN TIMUR
A84: 17 | B84: 311490003398 | C84: 311202004683 | D84: DISKOMINFO KOTA SINGKAWANG | E84: 00.280.304.7-702.000 | F84: EP-01KEQYM0J4BDVEGR7W4RWTXKST | G84: 2026/02/16 - 2026/12/31 | H84: - | I84: INTERNET DEDICATED DAN JARINGAN METRONET | J84: METRONET | K84: METRONET | L84: - | M84: AKTIVASI | N84: 46069 | O84: 46054 | P84: [311202004358] DINAS PUPR - JL. PASIRAN, SINGKAWANG BARAT | Q84: RKAL-DISKOMINFO.KOTA.SINGKAWANG-ZYXEL.MGS3520-CPE-02 | R84: e 0/0/19 | S84: Down | T84: Tidak Digunakan -Kabel Putus, perangkat hilang karena pindah kantor/renovasi | U84: KALIMANTAN | V84: KALIMANTAN BARAT | W84: DISKOMINFO KOTA SINGKAWANG - JL. AHMAD YANI NO. 76 | X84: KALIMANTAN | Y84: KALIMANTAN BARAT | Z84: 26671 | AA84: 200005426 | AB84: 140001941 | AC84: - | AD84: - | AE84: AKTIF | AF84: UNISOLIR | AG84: 0,00 | AH84: 0,00 | AI84: - | AJ84: 90364252 | AK84: --/--/-- | AL84: 2026/03/01 - 2026/03/31 | AM84: PREPAID | AN84: PRORATE | AO84: SUBSCRIBE | AP84: 1 - BULAN | AQ84: KALIMANTAN | AR84: KALIMANTAN BARAT | AS84: GOVERNMENT | AT84: GOVERNMENT | AU84: KALIMANTAN | AV84: KALIMANTAN TIMUR
A85: 84 | B85: 311490003398 | C85: 311601002774 | D85: - | E85: 00.280.304.7-702.000 | F85: EP-01KEQYM0J4BDVEGR7W4RWTXKST | G85: 2026/02/16 - 2026/12/31 | H85: - | I85: INTERNET DEDICATED DAN JARINGAN METRONET | J85: MANAGE SERVICE ROUTER | K85: MANAGE SERVICE ROUTER BRONZE | L85: - | M85: AKTIVASI | N85: 46069 | O85: 46054 | P85: [311601002627] DINAS PERPUSTAKAAN DAN KEARSIPAN DAERAH SINGKAWANG - JL. MERDEKA NOMOR 5 | S85: - | T85: ok | U85: KALIMANTAN | V85: KALIMANTAN BARAT | W85: DISKOMINFO KOTA SINGKAWANG - JL. AHMAD YANI NO. 76 | X85: KALIMANTAN | Y85: KALIMANTAN BARAT | Z85: 26671 | AA85: 200005426 | AB85: 140001941 | AC85: - | AD85: - | AE85: AKTIF | AF85: UNISOLIR | AG85: 0,00 | AH85: 0,00 | AI85: - | AJ85: 90453405 | AK85: --/--/-- | AL85: 2026/03/01 - 2026/03/31 | AM85: PREPAID | AN85: PRORATE | AO85: SUBSCRIBE | AP85: 1 - BULAN | AQ85: KALIMANTAN | AR85: KALIMANTAN BARAT | AS85: GOVERNMENT | AT85: GOVERNMENT | AU85: KALIMANTAN | AV85: KALIMANTAN TIMUR
A86: 85 | B86: 311490003398 | C86: 311601002775 | D86: - | E86: 00.280.304.7-702.000 | F86: EP-01KEQYM0J4BDVEGR7W4RWTXKST | G86: 2026/02/16 - 2026/12/31 | H86: - | I86: INTERNET DEDICATED DAN JARINGAN METRONET | J86: MANAGE SERVICE ROUTER | K86: MANAGE SERVICE ROUTER BRONZE | L86: - | M86: AKTIVASI | N86: 46069 | O86: 46054 | P86: [311601002628] , RSUD ABDUL AZIZ - JL. DR. SUTOMO NOMOR 28, PASIRAN | R86: - | S86: Up | T86: ok | U86: KALIMANTAN | V86: KALIMANTAN BARAT | W86: DISKOMINFO KOTA SINGKAWANG - JL. AHMAD YANI NO. 76 | X86: KALIMANTAN | Y86: KALIMANTAN BARAT | Z86: 26671 | AA86: 200005426 | AB86: 140001941 | AC86: - | AD86: - | AE86: AKTIF | AF86: UNISOLIR | AG86: 0,00 | AH86: 0,00 | AI86: - | AJ86: 90443550 | AK86: --/--/-- | AL86: 2026/03/01 - 2026/03/31 | AM86: PREPAID | AN86: PRORATE | AO86: SUBSCRIBE | AP86: 1 - BULAN | AQ86: KALIMANTAN | AR86: KALIMANTAN BARAT | AS86: GOVERNMENT | AT86: GOVERNMENT | AU86: KALIMANTAN | AV86: KALIMANTAN TIMUR
A87: 86 | B87: 311490003398 | C87: 311601002776 | D87: - | E87: 00.280.304.7-702.000 | F87: EP-01KEQYM0J4BDVEGR7W4RWTXKST | G87: 2026/02/16 - 2026/12/31 | H87: - | I87: INTERNET DEDICATED DAN JARINGAN METRONET | J87: MANAGE SERVICE ROUTER | K87: MANAGE SERVICE ROUTER BRONZE | L87: - | M87: AKTIVASI | N87: 46069 | O87: 46054 | P87: [311601002629] BADAN PENANGGULANGAN BENCANA DAERAH - JL. BUMI SINKA PERMAI | R87: - | S87: Up | T87: ok | U87: KALIMANTAN | V87: KALIMANTAN BARAT | W87: DISKOMINFO KOTA SINGKAWANG - JL. AHMAD YANI NO. 76 | X87: KALIMANTAN | Y87: KALIMANTAN BARAT | Z87: 26671 | AA87: 200005426 | AB87: 140001941 | AC87: - | AD87: - | AE87: AKTIF | AF87: UNISOLIR | AG87: 0,00 | AH87: 0,00 | AI87: - | AJ87: 90443552 | AK87: --/--/-- | AL87: 2026/03/01 - 2026/03/31 | AM87: PREPAID | AN87: PRORATE | AO87: SUBSCRIBE | AP87: 1 - BULAN | AQ87: KALIMANTAN | AR87: KALIMANTAN BARAT | AS87: GOVERNMENT | AT87: GOVERNMENT | AU87: KALIMANTAN | AV87: KALIMANTAN TIMUR
A88: 87 | B88: 311490003398 | C88: 311601002777 | D88: - | E88: 00.280.304.7-702.000 | F88: EP-01KEQYM0J4BDVEGR7W4RWTXKST | G88: 2026/02/16 - 2026/12/31 | H88: - | I88: INTERNET DEDICATED DAN JARINGAN METRONET | J88: MANAGE SERVICE ROUTER | K88: MANAGE SERVICE ROUTER BRONZE | L88: - | M88: AKTIVASI | N88: 46069 | O88: 46054 | P88: [311601002630] SATUAN POLISI PAMONG PRAJA - JL. FIRDAUS, PASIRAN | R88: - | S88: Up | T88: ok | U88: KALIMANTAN | V88: KALIMANTAN BARAT | W88: DISKOMINFO KOTA SINGKAWANG - JL. AHMAD YANI NO. 76 | X88: KALIMANTAN | Y88: KALIMANTAN BARAT | Z88: 26671 | AA88: 200005426 | AB88: 140001941 | AC88: - | AD88: - | AE88: AKTIF | AF88: UNISOLIR | AG88: 0,00 | AH88: 0,00 | AI88: - | AJ88: 90448232 | AK88: --/--/-- | AL88: 2026/03/01 - 2026/03/31 | AM88: PREPAID | AN88: PRORATE | AO88: SUBSCRIBE | AP88: 1 - BULAN | AQ88: KALIMANTAN | AR88: KALIMANTAN BARAT | AS88: GOVERNMENT | AT88: GOVERNMENT | AU88: KALIMANTAN | AV88: KALIMANTAN TIMUR
A89: 88 | B89: 311490003398 | C89: 311601002778 | D89: - | E89: 00.280.304.7-702.000 | F89: EP-01KEQYM0J4BDVEGR7W4RWTXKST | G89: 2026/02/16 - 2026/12/31 | H89: - | I89: INTERNET DEDICATED DAN JARINGAN METRONET | J89: MANAGE SERVICE ROUTER | K89: MANAGE SERVICE ROUTER BRONZE | L89: - | M89: AKTIVASI | N89: 46069 | O89: 46054 | P89: [311601002631] KANTOR KELURAHAN SETAPUK KECIL - JL. HAMID METALI | R89: - | S89: Up | T89: ok | U89: KALIMANTAN | V89: KALIMANTAN BARAT | W89: DISKOMINFO KOTA SINGKAWANG - JL. AHMAD YANI NO. 76 | X89: KALIMANTAN | Y89: KALIMANTAN BARAT | Z89: 26671 | AA89: 200005426 | AB89: 140001941 | AC89: - | AD89: - | AE89: AKTIF | AF89: UNISOLIR | AG89: 0,00 | AH89: 0,00 | AI89: - | AJ89: 90364253 | AK89: --/--/-- | AL89: 2026/03/01 - 2026/03/31 | AM89: PREPAID | AN89: PRORATE | AO89: SUBSCRIBE | AP89: 1 - BULAN | AQ89: KALIMANTAN | AR89: KALIMANTAN BARAT | AS89: GOVERNMENT | AT89: GOVERNMENT | AU89: KALIMANTAN | AV89: KALIMANTAN TIMUR
A90: 89 | B90: 311490003398 | C90: 311610004841 | D90: - | E90: 00.280.304.7-702.000 | F90: EP-01KEQYM0J4BDVEGR7W4RWTXKST | G90: 2026/02/16 - 2026/12/31 | H90: - | I90: INTERNET DEDICATED DAN JARINGAN METRONET | J90: I-WIN / MANAGE SERVICE WIFI | K90: I-WIN MEDIUM | L90: - | M90: AKTIVASI | N90: 46069 | O90: 46054 | P90: [311610004314] DISKOMINFO KOTA SINGKAWANG - JL. JEND AHMAD YANI, NO. 76 | Q90: KOMINFO_SINGKAWANG | R90: 311610004841_LobbyBawah2 | S90: Up | T90: ok | U90: KALIMANTAN | V90: KALIMANTAN BARAT | W90: DISKOMINFO KOTA SINGKAWANG - JL. AHMAD YANI NO. 76 | X90: KALIMANTAN | Y90: KALIMANTAN BARAT | Z90: 26671 | AA90: 200005426 | AB90: 140001941 | AC90: - | AD90: - | AE90: AKTIF | AF90: UNISOLIR | AG90: 0,00 | AH90: 0,00 | AI90: - | AJ90: 90400800 | AK90: --/--/-- | AL90: 2026/03/01 - 2026/03/31 | AM90: PREPAID | AN90: PRORATE | AO90: SUBSCRIBE | AP90: 1 - BULAN | AQ90: KALIMANTAN | AR90: KALIMANTAN BARAT | AS90: GOVERNMENT | AT90: GOVERNMENT | AU90: KALIMANTAN | AV90: KALIMANTAN TIMUR
A91: 90 | B91: 311490003398 | C91: 311610004842 | D91: - | E91: 00.280.304.7-702.000 | F91: EP-01KEQYM0J4BDVEGR7W4RWTXKST | G91: 2026/02/16 - 2026/12/31 | H91: - | I91: INTERNET DEDICATED DAN JARINGAN METRONET | J91: I-WIN / MANAGE SERVICE WIFI | K91: I-WIN MEDIUM | L91: - | M91: AKTIVASI | N91: 46069 | O91: 46054 | P91: [311610004315] DISKOMINFO KOTA SINGKAWANG - JL. JEND AHMAD YANI, NO. 76 | Q91: KOMINFO_SINGKAWANG | R91: 311610004842_RuangRapatBesar | S91: Up | T91: ok | U91: KALIMANTAN | V91: KALIMANTAN BARAT | W91: DISKOMINFO KOTA SINGKAWANG - JL. AHMAD YANI NO. 76 | X91: KALIMANTAN | Y91: KALIMANTAN BARAT | Z91: 26671 | AA91: 200005426 | AB91: 140001941 | AC91: - | AD91: - | AE91: AKTIF | AF91: UNISOLIR | AG91: 0,00 | AH91: 0,00 | AI91: - | AJ91: 90364254 | AK91: --/--/-- | AL91: 2026/03/01 - 2026/03/31 | AM91: PREPAID | AN91: PRORATE | AO91: SUBSCRIBE | AP91: 1 - BULAN | AQ91: KALIMANTAN | AR91: KALIMANTAN BARAT | AS91: GOVERNMENT | AT91: GOVERNMENT | AU91: KALIMANTAN | AV91: KALIMANTAN TIMUR
A92: 91 | B92: 311490003398 | C92: 311202004692 | D92: DISKOMINFO KOTA SINGKAWANG | E92: 00.280.304.7-702.000 | F92: EP-01KEQYM0J4BDVEGR7W4RWTXKST | G92: 2026/02/16 - 2026/12/31 | H92: - | I92: INTERNET DEDICATED DAN JARINGAN METRONET | J92: METRONET | K92: METRONET | L92: - | M92: AKTIVASI | N92: 46069 | O92: 46054 | P92: [311202004373] RUMAH DINAS WAKIL WALIKOTA. - JL. GUNUNG POTENG | Q92: RKAL-DISKOMINFO.KOTA.SINGKAWANG-ZYXEL.MGS3520-CPE-02 | R92: e 0/0/11 | S92: Up | T92: ok | U92: KALIMANTAN | V92: KALIMANTAN BARAT | W92: DISKOMINFO KOTA SINGKAWANG - JL. AHMAD YANI NO. 76 | X92: KALIMANTAN | Y92: KALIMANTAN BARAT | Z92: 26671 | AA92: 200005426 | AB92: 140001941 | AC92: - | AD92: - | AE92: AKTIF | AF92: UNISOLIR | AG92: 0,00 | AH92: 0,00 | AI92: - | AJ92: 90448234 | AK92: --/--/-- | AL92: 2026/03/01 - 2026/03/31 | AM92: PREPAID | AN92: PRORATE | AO92: SUBSCRIBE | AP92: 1 - BULAN | AQ92: KALIMANTAN | AR92: KALIMANTAN BARAT | AS92: GOVERNMENT | AT92: GOVERNMENT | AU92: KALIMANTAN | AV92: KALIMANTAN TIMUR
A93: 92 | B93: 311490003398 | C93: 311610004840 | D93: DISKOMINFO KOTA SINGKAWANG | E93: 00.280.304.7-702.000 | F93: EP-01KEQYM0J4BDVEGR7W4RWTXKST | G93: 2026/02/16 - 2026/12/31 | H93: - | I93: INTERNET DEDICATED DAN JARINGAN METRONET | J93: I-WIN / MANAGE SERVICE WIFI | K93: I-WIN MEDIUM | L93: - | M93: AKTIVASI | N93: 46069 | O93: 46054 | P93: [311610004316] DISKOMINFO KOTA SINGKAWANG - JL. JEND AHMAD YANI, NO. 76 | Q93: KOMINFO_SINGKAWANG | R93: 311610004840_LobbyAtas | S93: Up | T93: ok | U93: KALIMANTAN | V93: KALIMANTAN BARAT | W93: DISKOMINFO KOTA SINGKAWANG - JL. AHMAD YANI NO. 76 | X93: KALIMANTAN | Y93: KALIMANTAN BARAT | Z93: 26671 | AA93: 200005426 | AB93: 140001941 | AC93: - | AD93: - | AE93: AKTIF | AF93: UNISOLIR | AG93: 0,00 | AH93: 0,00 | AI93: - | AJ93: 90443554 | AK93: --/--/-- | AL93: 2026/03/01 - 2026/03/31 | AM93: PREPAID | AN93: PRORATE | AO93: SUBSCRIBE | AP93: 1 - BULAN | AQ93: KALIMANTAN | AR93: KALIMANTAN BARAT | AS93: GOVERNMENT | AT93: GOVERNMENT | AU93: KALIMANTAN | AV93: KALIMANTAN TIMUR
A94: 93 | B94: 311490003398 | C94: 311202004694 | D94: DISKOMINFO KOTA SINGKAWANG | E94: 00.280.304.7-702.000 | F94: EP-01KEQYM0J4BDVEGR7W4RWTXKST | G94: 2026/02/16 - 2026/12/31 | H94: - | I94: INTERNET DEDICATED DAN JARINGAN METRONET | J94: METRONET | K94: METRONET | L94: - | M94: AKTIVASI | N94: 46069 | O94: 46054 | P94: [311202004378] CCTV SIMPANG POLRES LAMA - JL. GM SITUT | Q94: RKAL-DISKOMINFO.KOTA.SINGKAWANG-ZYXEL.MGS3520-CPE-04 | R94: e 0/0/23 | S94: Up | T94: ok | U94: KALIMANTAN | V94: KALIMANTAN BARAT | W94: DISKOMINFO KOTA SINGKAWANG - JL. AHMAD YANI NO. 76 | X94: KALIMANTAN | Y94: KALIMANTAN BARAT | Z94: 26671 | AA94: 200005426 | AB94: 140001941 | AC94: - | AD94: - | AE94: AKTIF | AF94: UNISOLIR | AG94: 0,00 | AH94: 0,00 | AI94: - | AJ94: 90438390 | AK94: --/--/-- | AL94: 2026/03/01 - 2026/03/31 | AM94: PREPAID | AN94: PRORATE | AO94: SUBSCRIBE | AP94: 1 - BULAN | AQ94: KALIMANTAN | AR94: KALIMANTAN BARAT | AS94: GOVERNMENT | AT94: GOVERNMENT | AU94: KALIMANTAN | AV94: KALIMANTAN TIMUR
A95: 94 | B95: 311490003398 | C95: 311202004695 | D95: DISKOMINFO KOTA SINGKAWANG | E95: 00.280.304.7-702.000 | F95: EP-01KEQYM0J4BDVEGR7W4RWTXKST | G95: 2026/02/16 - 2026/12/31 | H95: - | I95: INTERNET DEDICATED DAN JARINGAN METRONET | J95: METRONET | K95: METRONET | L95: - | M95: AKTIVASI | N95: 46069 | O95: 46054 | P95: [311202004381] CCTV SIMPANG BAPPEDA - JL. GUNUNG MERAPI | Q95: RKAL-DISKOMINFO.KOTA.SINGKAWANG-ZYXEL.MGS3520-CPE-04 | R95: e 0/0/16 | S95: Up | T95: ok | U95: KALIMANTAN | V95: KALIMANTAN BARAT | W95: DISKOMINFO KOTA SINGKAWANG - JL. AHMAD YANI NO. 76 | X95: KALIMANTAN | Y95: KALIMANTAN BARAT | Z95: 26671 | AA95: 200005426 | AB95: 140001941 | AC95: - | AD95: - | AE95: AKTIF | AF95: UNISOLIR | AG95: 0,00 | AH95: 0,00 | AI95: - | AJ95: 90448236 | AK95: --/--/-- | AL95: 2026/03/01 - 2026/03/31 | AM95: PREPAID | AN95: PRORATE | AO95: SUBSCRIBE | AP95: 1 - BULAN | AQ95: KALIMANTAN | AR95: KALIMANTAN BARAT | AS95: GOVERNMENT | AT95: GOVERNMENT | AU95: KALIMANTAN | AV95: KALIMANTAN TIMUR
A96: 95 | B96: 311490003398 | C96: 311202004697 | D96: DISKOMINFO KOTA SINGKAWANG | E96: 00.280.304.7-702.000 | F96: EP-01KEQYM0J4BDVEGR7W4RWTXKST | G96: 2026/02/16 - 2026/12/31 | H96: - | I96: INTERNET DEDICATED DAN JARINGAN METRONET | J96: METRONET | K96: METRONET | L96: - | M96: AKTIVASI | N96: 46069 | O96: 46054 | P96: [311202004390] CCTV ROBAN - JL. JENDERAL SUDIRMAN | Q96: RKAL-DISKOMINFO.KOTA.SINGKAWANG-ZYXEL.MGS3520-CPE-04 | R96: e 0/0/17 | S96: Up | T96: ok | U96: KALIMANTAN | V96: KALIMANTAN BARAT | W96: DISKOMINFO KOTA SINGKAWANG - JL. AHMAD YANI NO. 76 | X96: KALIMANTAN | Y96: KALIMANTAN BARAT | Z96: 26671 | AA96: 200005426 | AB96: 140001941 | AC96: - | AD96: - | AE96: AKTIF | AF96: UNISOLIR | AG96: 0,00 | AH96: 0,00 | AI96: - | AJ96: 90428439 | AK96: --/--/-- | AL96: 2026/03/01 - 2026/03/31 | AM96: PREPAID | AN96: PRORATE | AO96: SUBSCRIBE | AP96: 1 - BULAN | AQ96: KALIMANTAN | AR96: KALIMANTAN BARAT | AS96: GOVERNMENT | AT96: GOVERNMENT | AU96: KALIMANTAN | AV96: KALIMANTAN TIMUR
A97: 96 | B97: 311490003398 | C97: 311202004698 | D97: DISKOMINFO KOTA SINGKAWANG | E97: 00.280.304.7-702.000 | F97: EP-01KEQYM0J4BDVEGR7W4RWTXKST | G97: 2026/02/16 - 2026/12/31 | H97: - | I97: INTERNET DEDICATED DAN JARINGAN METRONET | J97: METRONET | K97: METRONET | L97: - | M97: AKTIVASI | N97: 46069 | O97: 46054 | P97: [311202004393] CCTV PASIR PANJANG - JL. RAYA SEDAU | Q97: RKAL-DISKOMINFO.KOTA.SINGKAWANG-ZYXEL.MGS3520-CPE-04 | R97: e 0/0/22 | S97: Up | T97: ok | U97: KALIMANTAN | V97: KALIMANTAN BARAT | W97: DISKOMINFO KOTA SINGKAWANG - JL. AHMAD YANI NO. 76 | X97: KALIMANTAN | Y97: KALIMANTAN BARAT | Z97: 26671 | AA97: 200005426 | AB97: 140001941 | AC97: - | AD97: - | AE97: AKTIF | AF97: UNISOLIR | AG97: 0,00 | AH97: 0,00 | AI97: - | AJ97: 90363061 | AK97: --/--/-- | AL97: 2026/03/01 - 2026/03/31 | AM97: PREPAID | AN97: PRORATE | AO97: SUBSCRIBE | AP97: 1 - BULAN | AQ97: KALIMANTAN | AR97: KALIMANTAN BARAT | AS97: GOVERNMENT | AT97: GOVERNMENT | AU97: KALIMANTAN | AV97: KALIMANTAN TIMUR
A98: 97 | B98: 311490003398 | C98: 311202004699 | D98: DISKOMINFO KOTA SINGKAWANG | E98: 00.280.304.7-702.000 | F98: EP-01KEQYM0J4BDVEGR7W4RWTXKST | G98: 2026/02/16 - 2026/12/31 | H98: - | I98: INTERNET DEDICATED DAN JARINGAN METRONET | J98: METRONET | K98: METRONET | L98: - | M98: AKTIVASI | N98: 46069 | O98: 46054 | P98: [311202004397] CCTV SIMPANG VIT - JL. PASAR NOMOR 60 | Q98: RKAL-DISKOMINFO.KOTA.SINGKAWANG-ZYXEL.MGS3520-CPE-04 | R98: e 0/0/19 | S98: Up | T98: ok | U98: KALIMANTAN | V98: KALIMANTAN BARAT | W98: DISKOMINFO KOTA SINGKAWANG - JL. AHMAD YANI NO. 76 | X98: KALIMANTAN | Y98: KALIMANTAN BARAT | Z98: 26671 | AA98: 200005426 | AB98: 140001941 | AC98: - | AD98: - | AE98: AKTIF | AF98: UNISOLIR | AG98: 0,00 | AH98: 0,00 | AI98: - | AJ98: 90345277 | AK98: --/--/-- | AL98: 2026/02/16 - 2026/02/28 | AM98: PREPAID | AN98: PRORATE | AO98: SUBSCRIBE | AP98: 1 - BULAN | AQ98: KALIMANTAN | AR98: KALIMANTAN BARAT | AS98: GOVERNMENT | AT98: GOVERNMENT | AU98: KALIMANTAN | AV98: KALIMANTAN TIMUR
A99: 98 | B99: 311490003398 | C99: 311202004700 | D99: DISKOMINFO KOTA SINGKAWANG | E99: 00.280.304.7-702.000 | F99: EP-01KEQYM0J4BDVEGR7W4RWTXKST | G99: 2026/02/16 - 2026/12/31 | H99: - | I99: INTERNET DEDICATED DAN JARINGAN METRONET | J99: METRONET | K99: METRONET | L99: - | M99: AKTIVASI | N99: 46069 | O99: 46054 | P99: [311202004398] BADAN PENANGGULANGAN BENCANA DAERAH - JL. BUMI SINKA PERMAI | Q99: RKAL-DISKOMINFO.KOTA.SINGKAWANG-ZYXEL.MGS3520-CPE-04 | R99: e 0/0/10 | S99: Up | T99: ok | U99: KALIMANTAN | V99: KALIMANTAN BARAT | W99: DISKOMINFO KOTA SINGKAWANG - JL. AHMAD YANI NO. 76 | X99: KALIMANTAN | Y99: KALIMANTAN BARAT | Z99: 26671 | AA99: 200005426 | AB99: 140001941 | AC99: - | AD99: - | AE99: AKTIF | AF99: UNISOLIR | AG99: 0,00 | AH99: 0,00 | AI99: - | AJ99: 90376012 | AK99: --/--/-- | AL99: 2026/03/01 - 2026/03/31 | AM99: PREPAID | AN99: PRORATE | AO99: SUBSCRIBE | AP99: 1 - BULAN | AQ99: KALIMANTAN | AR99: KALIMANTAN BARAT | AS99: GOVERNMENT | AT99: GOVERNMENT | AU99: KALIMANTAN | AV99: KALIMANTAN TIMUR
A100: 99 | B100: 311490003398 | C100: 311202004701 | D100: DISKOMINFO KOTA SINGKAWANG | E100: 00.280.304.7-702.000 | F100: EP-01KEQYM0J4BDVEGR7W4RWTXKST | G100: 2026/02/16 - 2026/12/31 | H100: - | I100: INTERNET DEDICATED DAN JARINGAN METRONET | J100: METRONET | K100: METRONET | L100: - | M100: AKTIVASI | N100: 46069 | O100: 46054 | P100: [311202004399] DINAS KEPENDUDUKAN DAN PENCATATAN SIPIL - JL DR. SUTOMO | Q100: RKAL-DISKOMINFO.KOTA.SINGKAWANG-ZYXEL.MGS3520-CPE-04 | R100: e 0/0/8 | S100: Up | T100: ok | U100: KALIMANTAN | V100: KALIMANTAN BARAT | W100: DISKOMINFO KOTA SINGKAWANG - JL. AHMAD YANI NO. 76 | X100: KALIMANTAN | Y100: KALIMANTAN BARAT | Z100: 26671 | AA100: 200005426 | AB100: 140001941 | AC100: - | AD100: - | AE100: AKTIF | AF100: UNISOLIR | AG100: 0,00 | AH100: 0,00 | AI100: - | AJ100: 90455732 | AK100: --/--/-- | AL100: 2026/03/01 - 2026/03/31 | AM100: PREPAID | AN100: PRORATE | AO100: SUBSCRIBE | AP100: 1 - BULAN | AQ100: KALIMANTAN | AR100: KALIMANTAN BARAT | AS100: GOVERNMENT | AT100: GOVERNMENT | AU100: KALIMANTAN | AV100: KALIMANTAN TIMUR
A101: 100 | B101: 311490003398 | C101: 311202004702 | D101: DISKOMINFO KOTA SINGKAWANG | E101: 00.280.304.7-702.000 | F101: EP-01KEQYM0J4BDVEGR7W4RWTXKST | G101: 2026/02/16 - 2026/12/31 | H101: - | I101: INTERNET DEDICATED DAN JARINGAN METRONET | J101: METRONET | K101: METRONET | L101: - | M101: AKTIVASI | N101: 46069 | O101: 46054 | P101: [311202004342] DINAS SOSIAL, PEMBERDAYAAN PEREMPUAN DAN PERLINDUNGAN ANAK - JL. RAYA SEDAU | Q101: RKAL-DISKOMINFO.KOTA.SINGKAWANG-ZYXEL.MGS3520-CPE-02 | R101: e 0/0/8 | S101: Up | T101: ok | U101: KALIMANTAN | V101: KALIMANTAN BARAT | W101: DISKOMINFO KOTA SINGKAWANG - JL. AHMAD YANI NO. 76 | X101: KALIMANTAN | Y101: KALIMANTAN BARAT | Z101: 26671 | AA101: 200005426 | AB101: 140001941 | AC101: - | AD101: - | AE101: AKTIF | AF101: UNISOLIR | AG101: 0,00 | AH101: 0,00 | AI101: - | AJ101: 90460025 | AK101: --/--/-- | AL101: 2026/03/01 - 2026/03/31 | AM101: PREPAID | AN101: PRORATE | AO101: SUBSCRIBE | AP101: 1 - BULAN | AQ101: KALIMANTAN | AR101: KALIMANTAN BARAT | AS101: GOVERNMENT | AT101: GOVERNMENT | AU101: KALIMANTAN | AV101: KALIMANTAN TIMUR
... A117: 116 | B117: 311490003398 | C117: 311202004718 | D117: - | E117: 00.280.304.7-702.000 | F117: EP-01KEQYM0J4BDVEGR7W4RWTXKST | G117: 2026/02/16 - 2026/12/31 | H117: - | I117: INTERNET DEDICATED DAN JARINGAN METRONET | J117: METRONET | K117: METRONET | L117: - | M117: AKTIVASI | N117: 46069 | O117: 46054 | P117: [311202004374] KANTOR KECAMATAN SINGKAWANG BARAT - PASIRAN | Q117: RKAL-DISKOMINFO.KOTA.SINGKAWANG-ZYXEL.MGS3520-CPE-02 | R117: e 0/0/13 | S117: Up | T117: ok | U117: KALIMANTAN | V117: KALIMANTAN BARAT | W117: DISKOMINFO KOTA SINGKAWANG - JL. AHMAD YANI NO. 76 | X117: KALIMANTAN | Y117: KALIMANTAN BARAT | Z117: 26671 | AA117: 200005426 | AB117: 140001941 | AC117: - | AD117: - | AE117: AKTIF | AF117: UNISOLIR | AG117: 0,00 | AH117: 0,00 | AI117: - | AJ117: 90443559 | AK117: --/--/-- | AL117: 2026/03/01 - 2026/03/31 | AM117: PREPAID | AN117: PRORATE | AO117: SUBSCRIBE | AP117: 1 - BULAN | AQ117: KALIMANTAN | AR117: KALIMANTAN BARAT | AS117: GOVERNMENT | AT117: GOVERNMENT | AU117: KALIMANTAN | AV117: KALIMANTAN TIMUR
A118: 117 | B118: 311490003398 | C118: 311601002742 | D118: DISKOMINFO KOTA SINGKAWANG | E118: 00.280.304.7-702.000 | F118: EP-01KEQYM0J4BDVEGR7W4RWTXKST | G118: 2026/02/16 - 2026/12/31 | H118: - | I118: INTERNET DEDICATED DAN JARINGAN METRONET | J118: MANAGE SERVICE ROUTER | K118: MANAGE SERVICE ROUTER GOLD | L118: - | M118: AKTIVASI | N118: 46069 | O118: 46054 | P118: DISKOMINFO KOTA SINGKAWANG - JL. AHMAD YANI NO. 76 | R118: - | S118: Up | T118: ok | U118: KALIMANTAN | V118: KALIMANTAN BARAT | W118: DISKOMINFO KOTA SINGKAWANG - JL. AHMAD YANI NO. 76 | X118: KALIMANTAN | Y118: KALIMANTAN BARAT | Z118: 26671 | AA118: 200005426 | AB118: 140001941 | AC118: - | AD118: - | AE118: AKTIF | AF118: UNISOLIR | AG118: 0,00 | AH118: 0,00 | AI118: - | AJ118: 90448241 | AK118: --/--/-- | AL118: 2026/03/01 - 2026/03/31 | AM118: PREPAID | AN118: PRORATE | AO118: SUBSCRIBE | AP118: 1 - BULAN | AQ118: KALIMANTAN | AR118: KALIMANTAN BARAT | AS118: GOVERNMENT | AT118: GOVERNMENT | AU118: KALIMANTAN | AV118: KALIMANTAN TIMUR
A119: 23 | B119: 311490003398 | C119: 311202004720 | D119: - | E119: 00.280.304.7-702.000 | F119: EP-01KEQYM0J4BDVEGR7W4RWTXKST | G119: 2026/02/16 - 2026/12/31 | H119: - | I119: INTERNET DEDICATED DAN JARINGAN METRONET | J119: METRONET | K119: METRONET | L119: - | M119: AKTIVASI | N119: 46069 | O119: 46054 | P119: [311202004376] DISHUB KIR SINGKAWANG - JL. KRIDASANA | Q119: RKAL-DISKOMINFO.KOTA.SINGKAWANG-ZYXEL.MGS3520-CPE-02 | R119: e 0/0/7 | S119: Down | T119: Digunakan -Hasil OPM kearah HO Low - OPM ke arah rb2011 -3.37 -OTDR putus 157.6 m dari user - Perangkat nyala -ada UTP yang kecolok, user masih mau pakai untuk backup | U119: KALIMANTAN | V119: KALIMANTAN BARAT | W119: DISKOMINFO KOTA SINGKAWANG - JL. AHMAD YANI NO. 76 | X119: KALIMANTAN | Y119: KALIMANTAN BARAT | Z119: 26671 | AA119: 200005426 | AB119: 140001941 | AC119: - | AD119: - | AE119: AKTIF | AF119: UNISOLIR | AG119: 0,00 | AH119: 0,00 | AI119: - | AJ119: 90364257 | AK119: --/--/-- | AL119: 2026/03/01 - 2026/03/31 | AM119: PREPAID | AN119: PRORATE | AO119: SUBSCRIBE | AP119: 1 - BULAN | AQ119: KALIMANTAN | AR119: KALIMANTAN BARAT | AS119: GOVERNMENT | AT119: GOVERNMENT | AU119: KALIMANTAN | AV119: KALIMANTAN TIMUR
A120: 119 | B120: 311490003398 | C120: 311601002741 | D120: DISKOMINFO KOTA SINGKAWANG | E120: 00.280.304.7-702.000 | F120: EP-01KEQYM0J4BDVEGR7W4RWTXKST | G120: 2026/02/16 - 2026/12/31 | H120: - | I120: INTERNET DEDICATED DAN JARINGAN METRONET | J120: MANAGE SERVICE ROUTER | K120: MANAGE SERVICE ROUTER GOLD | L120: - | M120: AKTIVASI | N120: 46069 | O120: 46054 | P120: DISKOMINFO KOTA SINGKAWANG - JL. AHMAD YANI NO. 76 | R120: - | S120: Up | T120: ok | U120: KALIMANTAN | V120: KALIMANTAN BARAT | W120: DISKOMINFO KOTA SINGKAWANG - JL. AHMAD YANI NO. 76 | X120: KALIMANTAN | Y120: KALIMANTAN BARAT | Z120: 26671 | AA120: 200005426 | AB120: 140001941 | AC120: - | AD120: - | AE120: AKTIF | AF120: UNISOLIR | AG120: 0,00 | AH120: 0,00 | AI120: - | AJ120: 90364258 | AK120: --/--/-- | AL120: 2026/03/01 - 2026/03/31 | AM120: PREPAID | AN120: PRORATE | AO120: SUBSCRIBE | AP120: 1 - BULAN | AQ120: KALIMANTAN | AR120: KALIMANTAN BARAT | AS120: GOVERNMENT | AT120: GOVERNMENT | AU120: KALIMANTAN | AV120: KALIMANTAN TIMUR
A121: 120 | B121: 311490003398 | C121: 311303002150 | D121: DISKOMINFO KOTA SINGKAWANG | E121: 00.280.304.7-702.000 | F121: EP-01KEQYM0J4BDVEGR7W4RWTXKST | G121: 2026/02/16 - 2026/12/31 | H121: - | I121: INTERNET DEDICATED DAN JARINGAN METRONET | J121: INTERNET CORPORATE | K121: PENAMBAHAN IPV4 PUBLIK INTERNET CORPORATE | L121: - | M121: AKTIVASI | N121: 46069 | O121: 46054 | P121: DISKOMINFO KOTA SINGKAWANG - JL. AHMAD YANI NO. 76 | Q121: RKAL-DISKOMINFO.KOTA.SINGKAWANG-ZYXEL.MGS3520-CPE-03 | R121: e 0/0/20 | S121: Up | T121: ok | U121: KALIMANTAN | V121: KALIMANTAN BARAT | W121: DISKOMINFO KOTA SINGKAWANG - JL. AHMAD YANI NO. 76 | X121: KALIMANTAN | Y121: KALIMANTAN BARAT | Z121: 26671 | AA121: 200005426 | AB121: 140001941 | AC121: - | AD121: - | AE121: AKTIF | AF121: UNISOLIR | AG121: 0,00 | AH121: 0,00 | AI121: - | AJ121: 90448243 | AK121: --/--/-- | AL121: 2026/03/01 - 2026/03/31 | AM121: PREPAID | AN121: PRORATE | AO121: SUBSCRIBE | AP121: 1 - BULAN | AQ121: KALIMANTAN | AR121: KALIMANTAN BARAT | AS121: GOVERNMENT | AT121: GOVERNMENT | AU121: KALIMANTAN | AV121: KALIMANTAN TIMUR
A122: 121 | B122: 311490003398 | C122: 311303002151 | D122: DISKOMINFO KOTA SINGKAWANG | E122: 00.280.304.7-702.000 | F122: EP-01KEQYM0J4BDVEGR7W4RWTXKST | G122: 2026/02/16 - 2026/12/31 | H122: - | I122: INTERNET DEDICATED DAN JARINGAN METRONET | J122: INTERNET CORPORATE | K122: INTERNET CORPORATE | L122: - | M122: CHANGE TARIFF | N122: 46069 | O122: 46054 | P122: DISKOMINFO KOTA SINGKAWANG - JL. AHMAD YANI NO. 76 | Q122: RKAL-DISKOMINFO.KOTA.SINGKAWANG-ZYXEL.MGS3520-CPE-03 | R122: e0/0/2 | S122: Up | T122: ok | U122: KALIMANTAN | V122: KALIMANTAN BARAT | W122: DISKOMINFO KOTA SINGKAWANG - JL. AHMAD YANI NO. 76 | X122: KALIMANTAN | Y122: KALIMANTAN BARAT | Z122: 26671 | AA122: 200005426 | AB122: 140001941 | AC122: - | AD122: - | AE122: AKTIF | AF122: UNISOLIR | AG122: 0,00 | AH122: 0,00 | AI122: - | AJ122: 90361007 | AK122: --/--/-- | AL122: 2026/03/01 - 2026/03/31 | AM122: PREPAID | AN122: PRORATE | AO122: SUBSCRIBE | AP122: 1 - BULAN | AQ122: KALIMANTAN | AR122: KALIMANTAN BARAT | AS122: GOVERNMENT | AT122: GOVERNMENT | AU122: KALIMANTAN | AV122: KALIMANTAN TIMUR
A123: 122 | B123: 311490003398 | C123: 311202004724 | D123: - | E123: 00.280.304.7-702.000 | F123: EP-01KEQYM0J4BDVEGR7W4RWTXKST | G123: 2026/02/16 - 2026/12/31 | H123: - | I123: INTERNET DEDICATED DAN JARINGAN METRONET | J123: METRONET | K123: METRONET | L123: - | M123: AKTIVASI | N123: 46069 | O123: 46054 | P123: [311202004368] RUANGAN COMMAND CENTER - JL. FIRDAUS NO. 1 | Q123: RKAL-DISKOMINFO.KOTA.SINGKAWANG-ZYXEL.MGS3520-CPE-02 | R123: e 0/0/21 | S123: Up | T123: ok | U123: KALIMANTAN | V123: KALIMANTAN BARAT | W123: DISKOMINFO KOTA SINGKAWANG - JL. AHMAD YANI NO. 76 | X123: KALIMANTAN | Y123: KALIMANTAN BARAT | Z123: 26671 | AA123: 200005426 | AB123: 140001941 | AC123: - | AD123: - | AE123: AKTIF | AF123: UNISOLIR | AG123: 0,00 | AH123: 0,00 | AI123: - | AJ123: 90400806 | AK123: --/--/-- | AL123: 2026/03/01 - 2026/03/31 | AM123: PREPAID | AN123: PRORATE | AO123: SUBSCRIBE | AP123: 1 - BULAN | AQ123: KALIMANTAN | AR123: KALIMANTAN BARAT | AS123: GOVERNMENT | AT123: GOVERNMENT | AU123: KALIMANTAN | AV123: KALIMANTAN TIMUR
A124: 24 | B124: 311490003398 | C124: 311202004725 | D124: - | E124: 00.280.304.7-702.000 | F124: EP-01KEQYM0J4BDVEGR7W4RWTXKST | G124: 2026/02/16 - 2026/12/31 | H124: - | I124: INTERNET DEDICATED DAN JARINGAN METRONET | J124: METRONET | K124: METRONET | L124: - | M124: AKTIVASI | N124: 46069 | O124: 46054 | P124: [311202004338] PUSKESMAS SINGKAWANG TENGAH 1 - JL. SALAM DIMAN | Q124: RKAL-SHELTER.GI.SINGKAWANG-FH.S4830-CPE-01 | R124: ge1/0/2 | S124: Down | T124: Perangkat Hilang | U124: KALIMANTAN | V124: KALIMANTAN BARAT | W124: DISKOMINFO KOTA SINGKAWANG - JL. AHMAD YANI NO. 76 | X124: KALIMANTAN | Y124: KALIMANTAN BARAT | Z124: 26671 | AA124: 200005426 | AB124: 140001941 | AC124: - | AD124: - | AE124: AKTIF | AF124: UNISOLIR | AG124: 0,00 | AH124: 0,00 | AI124: - | AJ124: 90400807 | AK124: --/--/-- | AL124: 2026/03/01 - 2026/03/31 | AM124: PREPAID | AN124: PRORATE | AO124: SUBSCRIBE | AP124: 1 - BULAN | AQ124: KALIMANTAN | AR124: KALIMANTAN BARAT | AS124: GOVERNMENT | AT124: GOVERNMENT | AU124: KALIMANTAN | AV124: KALIMANTAN TIMUR
A125: 25 | B125: 311490003398 | C125: 311202004726 | D125: - | E125: 00.280.304.7-702.000 | F125: EP-01KEQYM0J4BDVEGR7W4RWTXKST | G125: 2026/02/16 - 2026/12/31 | H125: - | I125: INTERNET DEDICATED DAN JARINGAN METRONET | J125: METRONET | K125: METRONET | L125: - | M125: AKTIVASI | N125: 46069 | O125: 46054 | P125: [311202004339] PUSKESMAS SINGKAWANG BARAT 1 - JL. ALIANYANG | Q125: RKAL-SHELTER.GI.SINGKAWANG-FH.S4830-CPE-01 | R125: ge1/0/2 | S125: Down | T125: Perangkat Hilang | U125: KALIMANTAN | V125: KALIMANTAN BARAT | W125: DISKOMINFO KOTA SINGKAWANG - JL. AHMAD YANI NO. 76 | X125: KALIMANTAN | Y125: KALIMANTAN BARAT | Z125: 26671 | AA125: 200005426 | AB125: 140001941 | AC125: - | AD125: - | AE125: AKTIF | AF125: UNISOLIR | AG125: 0,00 | AH125: 0,00 | AI125: - | AJ125: 90376014 | AK125: --/--/-- | AL125: 2026/03/01 - 2026/03/31 | AM125: PREPAID | AN125: PRORATE | AO125: SUBSCRIBE | AP125: 1 - BULAN | AQ125: KALIMANTAN | AR125: KALIMANTAN BARAT | AS125: GOVERNMENT | AT125: GOVERNMENT | AU125: KALIMANTAN | AV125: KALIMANTAN TIMUR

Sheet Sheet2
A1: ID PELANGGAN | B1: SERVICE ID | C1: NAMA PELANGGAN | D1: LAYANAN | E1: ALAMAT TERMINATING | F1: Jarak (m) | G1: Koordinat | H1: ESTIMASI HARGA | J1: TOTAL RINCIAN | K1: SELISIH | L1: KETERANGAN
A2: 311490003398 | B2: 311202004727 | C2: DISKOMINFO KOTA SINGKAWANG | D2: METRONET | E2: [311202004340] PUSKESMAS SINGKAWANG TENGAH 2 - JL AHMAD YANI | F2: 500 | G2: 0.9084563394553016, 109.01020051628777 (IFT) | J2: =SUMIFS('Rincian RAB'!$J$2:$J$254,'Rincian RAB'!$B$2:$B$254,$B2) -> 0 | K2: =IF(J2=0,"",H2-J2)
A3: 311490003398 | B3: 311202004728 | C3: DISKOMINFO KOTA SINGKAWANG | D3: METRONET | E3: [311202004359] DINAS KESEHATAN DAN KELUARGA BERENCANA - JL. ALIANYANG NO. 7 | F3: 300 | G3: 0.9066394358482518, 108.97867828038373 (IFT) | J3: =SUMIFS('Rincian RAB'!$J$2:$J$254,'Rincian RAB'!$B$2:$B$254,$B3) -> 0 | K3: =IF(J3=0,"",H3-J3)
A4: 311490003398 | B4: 311202004731 | C4: DISKOMINFO KOTA SINGKAWANG | D4: METRONET | E4: [311202004355] CCTV SEI WIE - JL. ALIANYANG, SEI WEI | F4: 100 | G4: 0.92368, 108.98645 | H4: 10992508 | I4: 4600253989 | J4: =SUMIFS('Rincian RAB'!$J$2:$J$254,'Rincian RAB'!$B$2:$B$254,$B4) -> 10992508 | K4: =IF(J4=0,"",H4-J4) -> 0
A5: 311490003398 | B5: 311202004730 | C5: DISKOMINFO KOTA SINGKAWANG | D5: METRONET | E5: [311202004354] DINAS PERDAGANGAN, PERINDUSTRIAN, KOPERASI DAN UKM - JL. FIRDAUS | F5: 300 | G5: 0.9006988811285097, 108.98089358372515 | H5: 8885928 | I5: 4600065796 | J5: =SUMIFS('Rincian RAB'!$J$2:$J$254,'Rincian RAB'!$B$2:$B$254,$B5) -> 0 | K5: =IF(J5=0,"",H5-J5)
A6: 311490003398 | B6: 311202004732 | C6: DISKOMINFO KOTA SINGKAWANG | D6: METRONET | E6: [311202004356] DINAS PERHUBUNGAN - JL. TERMINAL INDUK SEI WIE | F6: 200 | G6: 0.9219230005101394, 108.98042408922747 (IFT) | J6: =SUMIFS('Rincian RAB'!$J$2:$J$254,'Rincian RAB'!$B$2:$B$254,$B6) -> 0 | K6: =IF(J6=0,"",H6-J6)
A7: 311490003398 | B7: 311202004682 | C7: DISKOMINFO KOTA SINGKAWANG | D7: METRONET | E7: [311202004357] CCTV HERMANSYAH - JL. S.M TSJAFIOEDDIN 17-51 | F7: 100 | G7: 0.90768, 108.98514 (IFT) | J7: =SUMIFS('Rincian RAB'!$J$2:$J$254,'Rincian RAB'!$B$2:$B$254,$B7) -> 0 | K7: =IF(J7=0,"",H7-J7)
A8: 311490003398 | B8: 311202004733 | C8: DISKOMINFO KOTA SINGKAWANG | D8: METRONET | E8: [311202004351] SEKRETARIAT DPRD - JL. FIRDAUS | F8: 200 | G8: 0.9035417135563482, 108.9782642837502 | J8: =SUMIFS('Rincian RAB'!$J$2:$J$254,'Rincian RAB'!$B$2:$B$254,$B8) -> 0 | K8: =IF(J8=0,"",H8-J8)
A9: 311490003398 | B9: 311202004734 | C9: DISKOMINFO KOTA SINGKAWANG | D9: METRONET | E9: [311202004352] DINAS PENANAMAN MODAL DAN TENAGA KERJA - JL. BKLI KOMPLEK LLK-UKM | F9: 300 | G9: 0.8973369548768787, 108.98090390549905 | H9: 9313769 | I9: 4600066257 | J9: =SUMIFS('Rincian RAB'!$J$2:$J$254,'Rincian RAB'!$B$2:$B$254,$B9) -> 9313769 | K9: =IF(J9=0,"",H9-J9) -> 0
A10: 311490003398 | B10: 311202004729 | C10: DISKOMINFO KOTA SINGKAWANG | D10: METRONET | E10: [311202004360] KANTOR KELURAHAN SEJANGKUNG - JL. RAYA SEJANGKUNG | F10: 2300 | G10: 0.8804835029269873, 109.10181111005035 (IFT) | J10: =SUMIFS('Rincian RAB'!$J$2:$J$254,'Rincian RAB'!$B$2:$B$254,$B10) -> 0 | K10: =IF(J10=0,"",H10-J10)
A11: 311490003398 | B11: 311202004684 | C11: DISKOMINFO KOTA SINGKAWANG | D11: METRONET | E11: [311202004361] KANTOR KELURAHAN PANGMILANG - PANGMILANG | F11: 500 | G11: 0.8259123249687154, 108.98599370816106 (IFT) | J11: =SUMIFS('Rincian RAB'!$J$2:$J$254,'Rincian RAB'!$B$2:$B$254,$B11) -> 0 | K11: =IF(J11=0,"",H11-J11)
A12: 311490003398 | B12: 311202004685 | C12: DISKOMINFO KOTA SINGKAWANG | D12: METRONET | E12: [311202004362] KANTOR KELURAHAN SEDAU - JL. RAYA SEDAU | F12: 250 | G12: 0.8401540320873829, 108.91355147462126 (IFT) | J12: =SUMIFS('Rincian RAB'!$J$2:$J$254,'Rincian RAB'!$B$2:$B$254,$B12) -> 0 | K12: =IF(J12=0,"",H12-J12)
A13: 311490003398 | B13: 311202004686 | C13: DISKOMINFO KOTA SINGKAWANG | D13: METRONET | E13: [311202004363] KANTOR KELURAHAN SAGATANI - JL. SAGATANI | F13: 700 | G13: 0.8040674642723963, 109.02443349080073 (IFT) | J13: =SUMIFS('Rincian RAB'!$J$2:$J$254,'Rincian RAB'!$B$2:$B$254,$B13) -> 0 | K13: =IF(J13=0,"",H13-J13)
A14: 311490003398 | B14: 311202004687 | C14: DISKOMINFO KOTA SINGKAWANG | D14: METRONET | E14: [311202004364] KANTOR KELURAHAN NYARUMKOP - NYAR UMKOP | F14: 700 | G14: 0.8773174753062917, 109.06207247731909 (IFT) | J14: =SUMIFS('Rincian RAB'!$J$2:$J$254,'Rincian RAB'!$B$2:$B$254,$B14) -> 0 | K14: =IF(J14=0,"",H14-J14)
A15: 311490003398 | B15: 311202004688 | C15: DISKOMINFO KOTA SINGKAWANG | D15: METRONET | E15: [311202004365] KANTOR KELURAHAN MAYASOPA - JL. SEBAKUN | F15: 1100 | G15: 0.8829885213647275, 109.11933113151379 | H15: 9923296 | I15: 4600068576 | J15: =SUMIFS('Rincian RAB'!$J$2:$J$254,'Rincian RAB'!$B$2:$B$254,$B15) -> 21291626 | K15: =IF(J15=0,"",H15-J15) -> -11368330
A16: 311490003398 | B16: 311202004689 | C16: DISKOMINFO KOTA SINGKAWANG | D16: METRONET | E16: [311202004366] KANTOR KELURAHAN BAGAK SAHWA - JL. SINGKAWANG - BENGKAYANG | F16: 150 | G16: 0.86785961094312, 109.09402048977532 | H16: 9755947 | I16: 4600068992 | J16: =SUMIFS('Rincian RAB'!$J$2:$J$254,'Rincian RAB'!$B$2:$B$254,$B16) -> 9778725 | K16: =IF(J16=0,"",H16-J16) -> -22778
A17: 311490003398 | B17: 311202004723 | C17: DISKOMINFO KOTA SINGKAWANG | D17: METRONET | E17: [311202004367] KANTOR KELURAHAN SANGGAU KULOR - JL. SANGGAU KULOR | F17: 3200 | G17: 0.8640142749427572, 109.01608070396233 (IFT) | J17: =SUMIFS('Rincian RAB'!$J$2:$J$254,'Rincian RAB'!$B$2:$B$254,$B17) -> 0 | K17: =IF(J17=0,"",H17-J17)
A18: 311490003398 | B18: 311202004690 | C18: DISKOMINFO KOTA SINGKAWANG | D18: METRONET | E18: [311202004369] KANTOR CAMAT SINGKAWANG UTARA - SUNGAI BULAN | F18: 500 | G18: 0.9441835275235747, 109.01611195894354 (IFT) | J18: =SUMIFS('Rincian RAB'!$J$2:$J$254,'Rincian RAB'!$B$2:$B$254,$B18) -> 0 | K18: =IF(J18=0,"",H18-J18)
A19: 311490003398 | B19: 311202004691 | C19: DISKOMINFO KOTA SINGKAWANG | D19: METRONET | E19: [311202004370] KECAMATAN SINGKAWANG SELATAN - JL. RAYA SEDAU NO. 16 | F19: 200 | G19: 0.865161197802931, 108.9296450785621 (IFT) | J19: =SUMIFS('Rincian RAB'!$J$2:$J$254,'Rincian RAB'!$B$2:$B$254,$B19) -> 0 | K19: =IF(J19=0,"",H19-J19)
A20: 311490003398 | B20: 311202004721 | C20: DISKOMINFO KOTA SINGKAWANG | D20: METRONET | E20: [311202004371] KANTOR CAMAT SINGKAWANG TENGAH - JL. PAHLAWAN NO. 1 | F20: 500 | G20: 0.9043151829941108, 109.00634659656168 (IFT) | J20: =SUMIFS('Rincian RAB'!$J$2:$J$254,'Rincian RAB'!$B$2:$B$254,$B20) -> 0 | K20: =IF(J20=0,"",H20-J20)
A21: 311490003398 | B21: 311202004722 | C21: DISKOMINFO KOTA SINGKAWANG | D21: METRONET | E21: [311202004372] KANTOR CAMAT SINGKAWANG TIMUR - JL. RAYA PAJINTAN | F21: 900 | G21: 0.8816151731106957, 109.04808965523519 (IFT) | J21: =SUMIFS('Rincian RAB'!$J$2:$J$254,'Rincian RAB'!$B$2:$B$254,$B21) -> 0 | K21: =IF(J21=0,"",H21-J21)
A22: 311490003398 | B22: 311202004719 | C22: DISKOMINFO KOTA SINGKAWANG | D22: METRONET | E22: [311202004375] KANTOR KELURAHAN SEMELAGI KECIL. - JL. DEMANG AKUB | F22: 3200 | G22: 1.0021824865959554, 109.04817492554486 (IFT) | J22: =SUMIFS('Rincian RAB'!$J$2:$J$254,'Rincian RAB'!$B$2:$B$254,$B22) -> 0 | K22: =IF(J22=0,"",H22-J22)
A23: 311490003398 | B23: 311202004693 | C23: DISKOMINFO KOTA SINGKAWANG | D23: METRONET | E23: [311202004377] CCTV SIMPANG PU - JL JEND AHMAD YANI | F23: 100 | G23: 0.89158, 108.96608 | H23: 10058200 | I23: 4600091887 | J23: =SUMIFS('Rincian RAB'!$J$2:$J$254,'Rincian RAB'!$B$2:$B$254,$B23) -> 9821188 | K23: =IF(J23=0,"",H23-J23) -> 237012
A24: 311490003398 | B24: 311202004706 | C24: DISKOMINFO KOTA SINGKAWANG | D24: METRONET | E24: [311202004383] CCTV PERBATASAN SAMBAS - JL. PASAR SEMELAGI BESAR | F24: 300 | G24: 0.9959, 108.98708 (IFT) | J24: =SUMIFS('Rincian RAB'!$J$2:$J$254,'Rincian RAB'!$B$2:$B$254,$B24) -> 0 | K24: =IF(J24=0,"",H24-J24)
A25: 311490003398 | B25: 311202004670 | C25: DISKOMINFO KOTA SINGKAWANG | D25: METRONET | E25: [311202004349] BADAN PERENCANAAN DAN PEMBANGUNAN - JL. PELITA | F25: 400 | G25: -0.022578960555593285, 109.33843578753121 | H25: 9053277 | J25: =SUMIFS('Rincian RAB'!$J$2:$J$254,'Rincian RAB'!$B$2:$B$254,$B25) -> 0 | K25: =IF(J25=0,"",H25-J25)
A26: 311490003398 | B26: 311202004696 | C26: DISKOMINFO KOTA SINGKAWANG | D26: METRONET | E26: [311202004389] CCTV NEW FASHION - JL. GM SITUT 26-22, CONDONG | F26: 150 | G26: 0.9088, 108.99076 | H26: 15240931 | I26: 4600071418 | J26: =SUMIFS('Rincian RAB'!$J$2:$J$254,'Rincian RAB'!$B$2:$B$254,$B26) -> 13033706 | K26: =IF(J26=0,"",H26-J26) -> 2207225
A27: 311490003398 | B27: 311202004671 | C27: DISKOMINFO KOTA SINGKAWANG | D27: METRONET | E27: [311202004350] SEKRETARIAT DAERAH KOTA SINGKAWANG - JL. FIRDAUS NO.1 | F27: 200 | G27: 0.904403363851908, 108.9773835086288 | J27: =SUMIFS('Rincian RAB'!$J$2:$J$254,'Rincian RAB'!$B$2:$B$254,$B27) -> 0 | K27: =IF(J27=0,"",H27-J27)
A28: 311490003398 | B28: 311202004672 | C28: DISKOMINFO KOTA SINGKAWANG | D28: METRONET | E28: [311202004385] DINAS LINGKUNGAN HIDUP - JL. MERDEKA NO. 78 | F28: 400 | G28: 0.9127931411113182, 108.99084902483739 | H28: =10238479+17650829 -> 27889308 | I28: 4600069008/4600071153 | J28: =SUMIFS('Rincian RAB'!$J$2:$J$254,'Rincian RAB'!$B$2:$B$254,$B28) -> 28571117 | K28: =IF(J28=0,"",H28-J28) -> -681809
A29: 311490003398 | B29: 311202004673 | C29: DISKOMINFO KOTA SINGKAWANG | D29: METRONET | E29: [311202004335] PUSKESMAS SINGKAWANG TIMUR 1 - JL. RAYA PAJINTAN | F29: 600 | G29: 0.876549197599874, 109.04152182781397 | H29: =7211642+12411562 -> 19623204 | I29: 4600115590 | J29: =SUMIFS('Rincian RAB'!$J$2:$J$254,'Rincian RAB'!$B$2:$B$254,$B29) -> 19623204 | K29: =IF(J29=0,"",H29-J29) -> 0 | L29: No. PO: 4600267902
A30: 311490003398 | B30: 311202004674 | C30: DISKOMINFO KOTA SINGKAWANG | D30: METRONET | E30: [311202004336] PUSKESMAS SINGKAWANG UTARA 1 - JL. RATU SEPUDAK | F30: 350 | G30: 0.9759804689605267, 108.98714211484469 | H30: 52126437 | I30: 4600113286 | J30: =SUMIFS('Rincian RAB'!$J$2:$J$254,'Rincian RAB'!$B$2:$B$254,$B30) -> 52126437 | K30: =IF(J30=0,"",H30-J30) -> 0
A31: 311490003398 | B31: 311202004675 | C31: DISKOMINFO KOTA SINGKAWANG | D31: METRONET | E31: [311202004337] PUSKESMAS SINGKAWANG BARAT 2 - JL. YOHANA | F31: 200 | G31: 0.8961413118629321, 108.98149601687484 (IFT) | J31: =SUMIFS('Rincian RAB'!$J$2:$J$254,'Rincian RAB'!$B$2:$B$254,$B31) -> 0 | K31: =IF(J31=0,"",H31-J31)
A32: 311490003398 | B32: 311202004676 | C32: DISKOMINFO KOTA SINGKAWANG | D32: METRONET | E32: [311202004341] PUSKESMAS SINGKAWANG SELATAN 1 - JL. SEDAU | F32: 350 | G32: 0.8400251924367828, 108.91416115022311 | H32: 16286258 | I32: 4600109739 | J32: =SUMIFS('Rincian RAB'!$J$2:$J$254,'Rincian RAB'!$B$2:$B$254,$B32) -> 16286258 | K32: =IF(J32=0,"",H32-J32) -> 0
A33: 311490003398 | B33: 311202004677 | C33: DISKOMINFO KOTA SINGKAWANG | D33: METRONET | E33: [311202004345] CCTV BUNDARAN AI - DISKOMINFO KOTA SINGKAWANG - JL. AHMAD YANI | F33: 450 | G33: 0.89251, 108.96386 | H33: 8664926 | I33: 4600253924 | J33: =SUMIFS('Rincian RAB'!$J$2:$J$254,'Rincian RAB'!$B$2:$B$254,$B33) -> 8664926 | K33: =IF(J33=0,"",H33-J33) -> 0
A34: 311490003398 | B34: 311202004678 | C34: DISKOMINFO KOTA SINGKAWANG | D34: METRONET | E34: [311202004346] PUSKESMAS SINGKAWANG TIMUR 2 - JL. RAYA SINGKAWANG-BENGKAYANG | F34: 500 | G34: 0.8789153011546297, 109.11785379932911 (IFT) | J34: =SUMIFS('Rincian RAB'!$J$2:$J$254,'Rincian RAB'!$B$2:$B$254,$B34) -> 0 | K34: =IF(J34=0,"",H34-J34)
A35: 311490003398 | B35: 311202004679 | C35: DISKOMINFO KOTA SINGKAWANG | D35: METRONET | E35: [311202004347] BKPSDM - JL. FIRDAUS, PASIRAN | F35: 300 | G35: 0.9046976123361817, 108.97677230349669 | J35: =SUMIFS('Rincian RAB'!$J$2:$J$254,'Rincian RAB'!$B$2:$B$254,$B35) -> 0 | K35: =IF(J35=0,"",H35-J35)
A36: 311490003398 | B36: 311202004680 | C36: DISKOMINFO KOTA SINGKAWANG | D36: METRONET | E36: [311202004348] INSPEKTORAT - JL. ALIANYANG NO.1 | F36: 150 | G36: 0.9049977290739513, 108.9770542497433 | J36: =SUMIFS('Rincian RAB'!$J$2:$J$254,'Rincian RAB'!$B$2:$B$254,$B36) -> 0 | K36: =IF(J36=0,"",H36-J36)
A37: 311490003398 | B37: 311202004681 | C37: DISKOMINFO KOTA SINGKAWANG | D37: METRONET | E37: [311202004353] DISPORA - JL. KRIDASANA, SINGKAWANG BARAT | F37: 300 | G37: 0.8966673218984869, 108.98689409255027 | H37: =10397685+21065705 -> 31463390 | I37: PA/ACT/1908/1678/TER DISKOMINFO KOTA SINGKAWANG (Stadion Kridasana Kota Singkawang) Jl. Kridasana,Pasiran ,Kota Singkawang ,Kalimantan Barat ,Indonesia ,79123 101920B30708 | J37: =SUMIFS('Rincian RAB'!$J$2:$J$254,'Rincian RAB'!$B$2:$B$254,$B37) -> 0 | K37: =IF(J37=0,"",H37-J37) | L37: No. PO: 4600065914
A38: 311490003398 | B38: 311202004683 | C38: DISKOMINFO KOTA SINGKAWANG | D38: METRONET | E38: [311202004358] DINAS PUPR - JL. PASIRAN, SINGKAWANG BARAT | F38: 100 | G38: 0.8911946694276672, 108.96813230280699 | J38: =SUMIFS('Rincian RAB'!$J$2:$J$254,'Rincian RAB'!$B$2:$B$254,$B38) -> 0 | K38: =IF(J38=0,"",H38-J38)
A39: 311490003398 | B39: 311202004692 | C39: DISKOMINFO KOTA SINGKAWANG | D39: METRONET | E39: [311202004373] RUMAH DINAS WAKIL WALIKOTA. - JL. GUNUNG POTENG | F39: 300 | G39: 0.9019601547475674, 108.97728499080692 | J39: =SUMIFS('Rincian RAB'!$J$2:$J$254,'Rincian RAB'!$B$2:$B$254,$B39) -> 0 | K39: =IF(J39=0,"",H39-J39)
A40: 311490003398 | B40: 311202004694 | C40: DISKOMINFO KOTA SINGKAWANG | D40: METRONET | E40: [311202004378] CCTV SIMPANG POLRES LAMA - JL. GM SITUT | F40: 150 | G40: 0.89993, 108.98581 | H40: 16030924 | I40: 4600091884 | J40: =SUMIFS('Rincian RAB'!$J$2:$J$254,'Rincian RAB'!$B$2:$B$254,$B40) -> 14937629 | K40: =IF(J40=0,"",H40-J40) -> 1093295
A41: 311490003398 | B41: 311202004695 | C41: DISKOMINFO KOTA SINGKAWANG | D41: METRONET | E41: [311202004381] CCTV SIMPANG BAPPEDA - JL. GUNUNG MERAPI | F41: 200 | G41: 0.8957, 108.98215 (IFT) | J41: =SUMIFS('Rincian RAB'!$J$2:$J$254,'Rincian RAB'!$B$2:$B$254,$B41) -> 0 | K41: =IF(J41=0,"",H41-J41)
A42: 311490003398 | B42: 311202004697 | C42: DISKOMINFO KOTA SINGKAWANG | D42: METRONET | E42: [311202004390] CCTV ROBAN - JL. JENDERAL SUDIRMAN | F42: 300 | G42: 0.90568, 109.00294 | H42: 10405828 | I42: 4600071429 | J42: =SUMIFS('Rincian RAB'!$J$2:$J$254,'Rincian RAB'!$B$2:$B$254,$B42) -> 9234385 | K42: =IF(J42=0,"",H42-J42) -> 1171443
A43: 311490003398 | B43: 311202004698 | C43: DISKOMINFO KOTA SINGKAWANG | D43: METRONET | E43: [311202004393] CCTV PASIR PANJANG - JL. RAYA SEDAU | F43: 100 | G43: 0.8406, 108.87853 | H43: =9569083+16286258 -> 25855341 | I43: -/4600071432 | J43: =SUMIFS('Rincian RAB'!$J$2:$J$254,'Rincian RAB'!$B$2:$B$254,$B43) -> 9234385 | K43: =IF(J43=0,"",H43-J43) -> 16620956
A44: 311490003398 | B44: 311202004699 | C44: DISKOMINFO KOTA SINGKAWANG | D44: METRONET | E44: [311202004397] CCTV SIMPANG VIT - JL. PASAR NOMOR 60 | F44: 150 | G44: 0.93273, 108.98211 | H44: 22490604 | I44: 4600071144 | J44: =SUMIFS('Rincian RAB'!$J$2:$J$254,'Rincian RAB'!$B$2:$B$254,$B44) -> 9234385 | K44: =IF(J44=0,"",H44-J44) -> 13256219
A45: 311490003398 | B45: 311202004700 | C45: DISKOMINFO KOTA SINGKAWANG | D45: METRONET | E45: [311202004398] BADAN PENANGGULANGAN BENCANA DAERAH - JL. BUMI SINKA PERMAI | F45: 500 | G45: 0.9447512201630487, 109.0158833276672 | H45: 9903781 | I45: 4600071215 | J45: =SUMIFS('Rincian RAB'!$J$2:$J$254,'Rincian RAB'!$B$2:$B$254,$B45) -> 9234385 | K45: =IF(J45=0,"",H45-J45) -> 669396
A46: 311490003398 | B46: 311202004701 | C46: DISKOMINFO KOTA SINGKAWANG | D46: METRONET | E46: [311202004399] DINAS KEPENDUDUKAN DAN PENCATATAN SIPIL - JL DR. SUTOMO | F46: 300 | G46: 0.896740473186605, 108.97490780343874 | H46: 9663032 | I46: 4600071157 | J46: =SUMIFS('Rincian RAB'!$J$2:$J$254,'Rincian RAB'!$B$2:$B$254,$B46) -> 12151758 | K46: =IF(J46=0,"",H46-J46) -> -2488726
A47: 311490003398 | B47: 311202004702 | C47: DISKOMINFO KOTA SINGKAWANG | D47: METRONET | E47: [311202004342] DINAS SOSIAL, PEMBERDAYAAN PEREMPUAN DAN PERLINDUNGAN ANAK - JL. RAYA SEDAU | F47: 400 | G47: 0.8901024386657391, 108.96784714296616 | H47: 8897312 | I47: 4600065850 | J47: =SUMIFS('Rincian RAB'!$J$2:$J$254,'Rincian RAB'!$B$2:$B$254,$B47) -> 0 | K47: =IF(J47=0,"",H47-J47)
A48: 311490003398 | B48: 311202004703 | C48: DISKOMINFO KOTA SINGKAWANG | D48: METRONET | E48: [311202004343] PUSKESMAS SINGKAWANG SELATAN 2 - JL. RAYA SAGATANI | F48: 300 | G48: 0.8117392953586563, 109.01014530993189 (IFT) | J48: =SUMIFS('Rincian RAB'!$J$2:$J$254,'Rincian RAB'!$B$2:$B$254,$B48) -> 0 | K48: =IF(J48=0,"",H48-J48)
A49: 311490003398 | B49: 311202004704 | C49: DISKOMINFO KOTA SINGKAWANG | D49: METRONET | E49: [311202004344] PUSKESMAS SINGKAWANG UTARA 2 - JL. DEMANG AKUB | F49: 450 | G49: 0.9421678742873009, 109.01236104340407 | J49: =SUMIFS('Rincian RAB'!$J$2:$J$254,'Rincian RAB'!$B$2:$B$254,$B49) -> 0 | K49: =IF(J49=0,"",H49-J49)
A50: 311490003398 | B50: 311202004705 | C50: DISKOMINFO KOTA SINGKAWANG | D50: METRONET | E50: [311202004382] BADAN KEUANGAN DAERAH KOTA SINGKAWANG - JL. FIRDAUS | F50: 270 | G50: 0.9023708440298541, 108.9783029569979 | H50: 10205998 | I50: 4600067030 | J50: =SUMIFS('Rincian RAB'!$J$2:$J$254,'Rincian RAB'!$B$2:$B$254,$B50) -> 8894900 | K50: =IF(J50=0,"",H50-J50) -> 1311098
A51: 311490003398 | B51: 311202004707 | C51: DISKOMINFO KOTA SINGKAWANG | D51: METRONET | E51: [311202004384] BADAN KESATUAN BANGSA DAN POLITIK - JL. DR. SUTOMO | F51: 700 | G51: -0.0484230466377581, 109.34189578746451 | H51: 9401734 | I51: 4600071156 | J51: =SUMIFS('Rincian RAB'!$J$2:$J$254,'Rincian RAB'!$B$2:$B$254,$B51) -> 9234385 | K51: =IF(J51=0,"",H51-J51) -> 167349
A52: 311490003398 | B52: 311202004708 | C52: DISKOMINFO KOTA SINGKAWANG | D52: METRONET | E52: [311202004386] DINAS PERUMAHAN PEMUKIMAN DAN PERTANAHAN - JL. AHMAD YANI NOMOR 74 | F52: 150 | G52: 0.8922101053991588, 108.96917404342194 | H52: 13236866 | I52: 4600071224 | J52: =SUMIFS('Rincian RAB'!$J$2:$J$254,'Rincian RAB'!$B$2:$B$254,$B52) -> 14698995 | K52: =IF(J52=0,"",H52-J52) -> -1462129
A53: 311490003398 | B53: 311202004709 | C53: DISKOMINFO KOTA SINGKAWANG | D53: METRONET | E53: [311202004387] KANTOR KELURAHAN SETAPUK KECIL - JL. HAMID METALI | F53: 200 | G53: 0.9693276728862903, 109.010588562173 | H53: 21517172 | I53: 4600071237 | J53: =SUMIFS('Rincian RAB'!$J$2:$J$254,'Rincian RAB'!$B$2:$B$254,$B53) -> 19847535 | K53: =IF(J53=0,"",H53-J53) -> 1669637
A54: 311490003398 | B54: 311202004710 | C54: DISKOMINFO KOTA SINGKAWANG | D54: METRONET | E54: [311202004388] CCTV MAHKOTA - JL. AHMAD YANI | F54: 100 | G54: 0.89444, 108.97638 | H54: 9401734 | I54: 4600071239 | J54: =SUMIFS('Rincian RAB'!$J$2:$J$254,'Rincian RAB'!$B$2:$B$254,$B54) -> 10529165 | K54: =IF(J54=0,"",H54-J54) -> -1127431
A55: 311490003398 | B55: 311202004711 | C55: DISKOMINFO KOTA SINGKAWANG | D55: METRONET | E55: [311202004391] SATUAN POLISI PAMONG PRAJA - JL. FIRDAUS, PASIRAN | F55: 200 | G55: 0.9030356347873767, 108.9784484570582 | H55: 10071130 | I55: 4600071416 | J55: =SUMIFS('Rincian RAB'!$J$2:$J$254,'Rincian RAB'!$B$2:$B$254,$B55) -> 9234385 | K55: =IF(J55=0,"",H55-J55) -> 836745
A56: 311490003398 | B56: 311202004712 | C56: DISKOMINFO KOTA SINGKAWANG | D56: METRONET | E56: [311202004392] CCTV SIMPANG BAGAK - JL. RAYA SINGKAWANG - BENGKAYANG | F56: 900 | G56: 0.86518, 109.1002 | H56: 10238479 | I56: 4600071119 | J56: =SUMIFS('Rincian RAB'!$J$2:$J$254,'Rincian RAB'!$B$2:$B$254,$B56) -> 9234385 | K56: =IF(J56=0,"",H56-J56) -> 1004094
A57: 311490003398 | B57: 311202004713 | C57: DISKOMINFO KOTA SINGKAWANG | D57: METRONET | E57: [311202004394] DINAS PERTANIAN, KETAHANAN PANGAN DAN PERIKANAN - JL. AHMAD YANI | F57: 100 | G57: 0.8921743754046321, 108.96856087293133 (IFT) | J57: =SUMIFS('Rincian RAB'!$J$2:$J$254,'Rincian RAB'!$B$2:$B$254,$B57) -> 0 | K57: =IF(J57=0,"",H57-J57)
A58: 311490003398 | B58: 311202004714 | C58: DISKOMINFO KOTA SINGKAWANG | D58: METRONET | E58: [311202004395] CCTV SIMPANG KUALA - JL. ALIANYANG NOMOR 18-17 | F58: 100 | G58: 0.91443, 108.98204 | H58: 11365910 | I58: 4600071431 | J58: =SUMIFS('Rincian RAB'!$J$2:$J$254,'Rincian RAB'!$B$2:$B$254,$B58) -> 10529165 | K58: =IF(J58=0,"",H58-J58) -> 836745
A59: 311490003398 | B59: 311202004715 | C59: DISKOMINFO KOTA SINGKAWANG | D59: METRONET | E59: [311202004396] CCTV DIPONEGORO - JL. DIPONEGORO | F59: 100 | G59: 0.89965, 108.98081 | H59: 2100531 | I59: 4600071430 | J59: =SUMIFS('Rincian RAB'!$J$2:$J$254,'Rincian RAB'!$B$2:$B$254,$B59) -> 9234385 | K59: =IF(J59=0,"",H59-J59) -> -7133854
A60: 311490003398 | B60: 311202004716 | C60: DISKOMINFO KOTA SINGKAWANG | D60: METRONET | E60: [311202004379] RSUD ABDUL AZIZ - JL. DR. SUTOMO NOMOR 28 | F60: 100 | G60: 0.8955699647662659, 108.97323103081524 | H60: 9401734 | I60: 4600071234 | J60: =SUMIFS('Rincian RAB'!$J$2:$J$254,'Rincian RAB'!$B$2:$B$254,$B60) -> 9234385 | K60: =IF(J60=0,"",H60-J60) -> 167349
A61: 311490003398 | B61: 311202004717 | C61: DISKOMINFO KOTA SINGKAWANG | D61: METRONET | E61: [311202004380] DINAS PERPUSTAKAAN DAN KEARSIPAN DAERAH SINGKAWANG - JL. MERDEKA NOMOR 5 | F61: 140 | G61: 0.9128439035918634, 108.9905033327927 | H61: 14575658 | I61: 4600071149 | J61: =SUMIFS('Rincian RAB'!$J$2:$J$254,'Rincian RAB'!$B$2:$B$254,$B61) -> 9234385 | K61: =IF(J61=0,"",H61-J61) -> 5341273
A62: 311490003398 | B62: 311202004718 | C62: DISKOMINFO KOTA SINGKAWANG | D62: METRONET | E62: [311202004374] KANTOR KECAMATAN SINGKAWANG BARAT - PASIRAN | F62: 250 | G62: 0.8961557600537456, 108.98144438585203 | H62: 9053277 | J62: =SUMIFS('Rincian RAB'!$J$2:$J$254,'Rincian RAB'!$B$2:$B$254,$B62) -> 0 | K62: =IF(J62=0,"",H62-J62)
A63: 311490003398 | B63: 311202004720 | C63: DISKOMINFO KOTA SINGKAWANG | D63: METRONET | E63: [311202004376] DISHUB KIR SINGKAWANG - JL. KRIDASANA | F63: 150 | G63: 0.89701, 108.98688 (HPM Relok) | J63: =SUMIFS('Rincian RAB'!$J$2:$J$254,'Rincian RAB'!$B$2:$B$254,$B63) -> 0 | K63: =IF(J63=0,"",H63-J63)
A64: 311490003398 | B64: 311202004724 | C64: DISKOMINFO KOTA SINGKAWANG | D64: METRONET | E64: [311202004368] RUANGAN COMMAND CENTER - JL. FIRDAUS NO. 1 | F64: 200 | G64: 0.904403363851908, 108.9773835086288 | J64: =SUMIFS('Rincian RAB'!$J$2:$J$254,'Rincian RAB'!$B$2:$B$254,$B64) -> 0 | K64: =IF(J64=0,"",H64-J64)
A65: 311490003398 | B65: 311202004725 | C65: DISKOMINFO KOTA SINGKAWANG | D65: METRONET | E65: [311202004338] PUSKESMAS SINGKAWANG TENGAH 1 - JL. SALAM DIMAN | F65: 250 | G65: 0.9085171941676389, 108.99034581860707 | H65: 17068619 | I65: 4600115588 | J65: =SUMIFS('Rincian RAB'!$J$2:$J$254,'Rincian RAB'!$B$2:$B$254,$B65) -> 17068619 | K65: =IF(J65=0,"",H65-J65) -> 0
A66: 311490003398 | B66: 311202004726 | C66: DISKOMINFO KOTA SINGKAWANG | D66: METRONET | E66: [311202004339] PUSKESMAS SINGKAWANG BARAT 1 - JL. ALIANYANG | F66: 200 | G66: 0.90792, 108.97911 | H66: 11338509 | I66: 4600115584 | J66: =SUMIFS('Rincian RAB'!$J$2:$J$254,'Rincian RAB'!$B$2:$B$254,$B66) -> 11621237 | K66: =IF(J66=0,"",H66-J66) -> -282728
G67: TOTAL | H67: =SUM(H2:H66) -> 501501552 | J67: =SUM(J2:J66) -> 412126317 | K67: =SUM(K2:K66) -> 22022051

Sheet Rincian RAB
A1: NO | B1: SERVICE ID | C1: LOKASI | D1: NO. PO | E1: KODE | F1: URAIAN PEKERJAAN | G1: VOLUME | H1: SATUAN | I1: HARGA SATUAN | J1: JUMLAH
A2: 1 | B2: 311202004731 | C2: CCTV SEI WIE - JL. ALIANYANG, SEI WEI | D2: 4600253989 | E2: 3003571 | F2: Survey jalur kabel incl.Spotting GPS Blk | G2: 1 | H2: LOT | I2: 821630 | J2: =G2*I2 -> 821630
A3: 2 | B3: 311202004731 | C3: CCTV SEI WIE - JL. ALIANYANG, SEI WEI | D3: 4600253989 | E3: 3003572 | F3: Penarikan FOC ADSS Short Span Blk | G3: 1050 | H3: M | I3: 4094 | J3: =G3*I3 -> 4298700
A4: 3 | B4: 311202004731 | C4: CCTV SEI WIE - JL. ALIANYANG, SEI WEI | D4: 4600253989 | E4: 3003577 | F4: Jointing per core incl.labeling JB Blk | G4: 3 | H4: AU | I4: 47159 | J4: =G4*I4 -> 141477
A5: 4 | B5: 311202004731 | C5: CCTV SEI WIE - JL. ALIANYANG, SEI WEI | D5: 4600253989 | E5: 3003578 | F5: Tracing core (incl.Label Joint Box)Blk | G5: 4 | H5: AU | I5: 167349 | J5: =G5*I5 -> 669396
A6: 5 | B6: 311202004731 | C6: CCTV SEI WIE - JL. ALIANYANG, SEI WEI | D6: 4600253989 | E6: 3003579 | F6: OTDR per core Blk | G6: 2 | H6: AU | I6: 42495 | J6: =G6*I6 -> 84990
A7: 6 | B7: 311202004731 | C7: CCTV SEI WIE - JL. ALIANYANG, SEI WEI | D7: 4600253989 | E7: 3003581 | F7: Labeling Kabel (1 pole 2 label) Blk | G7: 22 | H7: U | I7: 11384 | J7: =G7*I7 -> 250448
A8: 7 | B8: 311202004731 | C8: CCTV SEI WIE - JL. ALIANYANG, SEI WEI | D8: 4600253989 | E8: 3003594 | F8: Instalasi Access Point (inc.Survey) Blk | G8: 1 | H8: AU | I8: 566072 | J8: =G8*I8 -> 566072
A9: 8 | B9: 311202004731 | C9: CCTV SEI WIE - JL. ALIANYANG, SEI WEI | D9: 4600253989 | E9: 3003598 | F9: Fitting Deadend, 6 - 48 core Blk | G9: 6 | H9: U | I9: 104353 | J9: =G9*I9 -> 626118
A10: 9 | B10: 311202004731 | C10: CCTV SEI WIE - JL. ALIANYANG, SEI WEI | D10: 4600253989 | E10: 3003599 | F10: Fitting Suspension, 6-48 core Blk | G10: 16 | H10: U | I10: 72382 | J10: =G10*I10 -> 1158112
A11: 10 | B11: 311202004731 | C11: CCTV SEI WIE - JL. ALIANYANG, SEI WEI | D11: 4600253989 | E11: 3003607 | F11: Patch Cord Single Mode 1 pasang 3m Blk | G11: 2 | H11: U | I11: 149131 | J11: =G11*I11 -> 298262
A12: 11 | B12: 311202004731 | C12: CCTV SEI WIE - JL. ALIANYANG, SEI WEI | D12: 4600253989 | E12: 3003618 | F12: Joint Box 24 Core Blk | G12: 1 | H12: U | I12: 1089630 | J12: =G12*I12 -> 1089630
A13: 12 | B13: 311202004731 | C13: CCTV SEI WIE - JL. ALIANYANG, SEI WEI | D13: 4600253989 | E13: 3003623 | F13: ODF Wall Mounted 6 Core(tipe SC upc)Blk | G13: 1 | H13: U | I13: 987673 | J13: =G13*I13 -> 987673
... A96: 95 | B96: 311202004674 | C96: PUSKESMAS SINGKAWANG UTARA 1 - JL. RATU SEPUDAK | D96: 4600113286 | E96: 3003623 | F96: ODF Wall Mounted 6 Core(tipe SC upc)Blk | G96: 2 | H96: U | I96: 987673 | J96: =G96*I96 -> 1975346
A97: 96 | B97: 311202004674 | C97: PUSKESMAS SINGKAWANG UTARA 1 - JL. RATU SEPUDAK | D97: 4600113286 | F97: ODF Rack Mounted 48 Core Blk | G97: 1 | H97: U | I97: 4169830 | J97: =G97*I97 -> 4169830
A98: 97 | B98: 311202004674 | C98: PUSKESMAS SINGKAWANG UTARA 1 - JL. RATU SEPUDAK | D98: 4600113286 | E98: 3003660 | F98: Transportasi Luar Kota min2Drum150KM Blk | G98: 1 | H98: LOT | I98: 717970 | J98: =G98*I98 -> 717970
A99: 98 | B99: 311202004676 | C99: PUSKESMAS SINGKAWANG SELATAN 1 - JL. SEDAU | D99: 4600109739 | E99: 3003571 | F99: Survey jalur kabel incl.Spotting GPS Blk | G99: 1 | H99: LOT | I99: 821630 | J99: =G99*I99 -> 821630
A100: 99 | B100: 311202004676 | C100: PUSKESMAS SINGKAWANG SELATAN 1 - JL. SEDAU | D100: 4600109739 | E100: 3003572 | F100: Penarikan FOC ADSS Short Span Blk | G100: 1600 | H100: M | I100: 4094 | J100: =G100*I100 -> 6550400
A101: 100 | B101: 311202004676 | C101: PUSKESMAS SINGKAWANG SELATAN 1 - JL. SEDAU | D101: 4600109739 | E101: 3003577 | F101: Jointing per core incl.labeling JB Blk | G101: 6 | H101: AU | I101: 47159 | J101: =G101*I101 -> 282954
A102: 101 | B102: 311202004676 | C102: PUSKESMAS SINGKAWANG SELATAN 1 - JL. SEDAU | D102: 4600109739 | E102: 3003578 | F102: Tracing core (incl.Label Joint Box)Blk | G102: 4 | H102: AU | I102: 167349 | J102: =G102*I102 -> 669396
A103: 102 | B103: 311202004676 | C103: PUSKESMAS SINGKAWANG SELATAN 1 - JL. SEDAU | D103: 4600109739 | E103: 3003579 | F103: OTDR per core Blk | G103: 4 | H103: AU | I103: 42495 | J103: =G103*I103 -> 169980
A104: 103 | B104: 311202004676 | C104: PUSKESMAS SINGKAWANG SELATAN 1 - JL. SEDAU | D104: 4600109739 | E104: 3003581 | F104: Labeling Kabel (1 pole 2 label) Blk | G104: 29 | H104: U | I104: 11384 | J104: =G104*I104 -> 330136
A105: 104 | B105: 311202004676 | C105: PUSKESMAS SINGKAWANG SELATAN 1 - JL. SEDAU | D105: 4600109739 | E105: 3003594 | F105: Instalasi Access Point (inc.Survey) Blk | G105: 2 | H105: AU | I105: 566072 | J105: =G105*I105 -> 1132144
A106: 105 | B106: 311202004676 | C106: PUSKESMAS SINGKAWANG SELATAN 1 - JL. SEDAU | D106: 4600109739 | E106: 3003598 | F106: Fitting Deadend, 6 - 48 core Blk | G106: 14 | H106: U | I106: 104353 | J106: =G106*I106 -> 1460942
A107: 106 | B107: 311202004676 | C107: PUSKESMAS SINGKAWANG SELATAN 1 - JL. SEDAU | D107: 4600109739 | E107: 3003599 | F107: Fitting Suspension, 6-48 core Blk | G107: 15 | H107: U | I107: 72382 | J107: =G107*I107 -> 1085730
A108: 107 | B108: 311202004676 | C108: PUSKESMAS SINGKAWANG SELATAN 1 - JL. SEDAU | D108: 4600109739 | E108: 3003618 | F108: Joint Box 24 Core Blk | G108: 1 | H108: U | I108: 1089630 | J108: =G108*I108 -> 1089630
A109: 108 | B109: 311202004676 | C109: PUSKESMAS SINGKAWANG SELATAN 1 - JL. SEDAU | D109: 4600109739 | E109: 3003623 | F109: ODF Wall Mounted 6 Core(tipe SC upc)Blk | G109: 2 | H109: U | I109: 987673 | J109: =G109*I109 -> 1975346
... A180: 179 | B180: 311202004708 | C180: DINAS PERUMAHAN PEMUKIMAN DAN PERTANAHAN - JL. AHMAD YANI NOMOR 74 | D180: 4600071224 | E180: 3003622 | F180: ODF Rack Mounted 6 Core(tipe SC upc)Blk | G180: 1 | H180: U | I180: 988293 | J180: =G180*I180 -> 988293
A181: 180 | B181: 311202004708 | C181: DINAS PERUMAHAN PEMUKIMAN DAN PERTANAHAN - JL. AHMAD YANI NOMOR 74 | D181: 4600071224 | F181: ODF Rack Mounted 48 Core Blk | G181: 1 | H181: U | I181: 4169830 | J181: =G181*I181 -> 4169830
A182: 181 | B182: 311202004708 | C182: DINAS PERUMAHAN PEMUKIMAN DAN PERTANAHAN - JL. AHMAD YANI NOMOR 74 | D182: 4600071224 | E182: 3003660 | F182: Transportasi Luar Kota min2Drum150KM Blk | G182: 1 | H182: LOT | I182: 717970 | J182: =G182*I182 -> 717970
A183: 182 | B183: 311202004709 | C183: KANTOR KELURAHAN SETAPUK KECIL - JL. HAMID METALI | D183: 4600071237 | E183: 3003571 | F183: Survey jalur kabel incl.Spotting GPS Blk | G183: 1 | H183: LOT | I183: 821630 | J183: =G183*I183 -> 821630
A184: 183 | B184: 311202004709 | C184: KANTOR KELURAHAN SETAPUK KECIL - JL. HAMID METALI | D184: 4600071237 | E184: 3003572 | F184: Penarikan FOC ADSS Short Span Blk | G184: 2700 | H184: M | I184: 4094 | J184: =G184*I184 -> 11053800
A185: 184 | B185: 311202004709 | C185: KANTOR KELURAHAN SETAPUK KECIL - JL. HAMID METALI | D185: 4600071237 | E185: 3003577 | F185: Jointing per core incl.labeling JB Blk | G185: 1 | H185: AU | I185: 47159 | J185: =G185*I185 -> 47159
A186: 185 | B186: 311202004709 | C186: KANTOR KELURAHAN SETAPUK KECIL - JL. HAMID METALI | D186: 4600071237 | E186: 3003578 | F186: Tracing core (incl.Label Joint Box)Blk | G186: 1 | H186: AU | I186: 167349 | J186: =G186*I186 -> 167349
A187: 186 | B187: 311202004709 | C187: KANTOR KELURAHAN SETAPUK KECIL - JL. HAMID METALI | D187: 4600071237 | E187: 3003579 | F187: OTDR per core Blk | G187: 1 | H187: AU | I187: 42495 | J187: =G187*I187 -> 42495
A188: 187 | B188: 311202004709 | C188: KANTOR KELURAHAN SETAPUK KECIL - JL. HAMID METALI | D188: 4600071237 | E188: 3003598 | F188: Fitting Deadend, 6 - 48 core Blk | G188: 16 | H188: U | I188: 104353 | J188: =G188*I188 -> 1669648
A189: 188 | B189: 311202004709 | C189: KANTOR KELURAHAN SETAPUK KECIL - JL. HAMID METALI | D189: 4600071237 | E189: 3003599 | F189: Fitting Suspension, 6-48 core Blk | G189: 40 | H189: U | I189: 72382 | J189: =G189*I189 -> 2895280
A190: 189 | B190: 311202004709 | C190: KANTOR KELURAHAN SETAPUK KECIL - JL. HAMID METALI | D190: 4600071237 | E190: 3003607 | F190: Patch Cord Single Mode 1 pasang 3m Blk | G190: 1 | H190: U | I190: 149131 | J190: =G190*I190 -> 149131
A191: 190 | B191: 311202004709 | C191: KANTOR KELURAHAN SETAPUK KECIL - JL. HAMID METALI | D191: 4600071237 | E191: 3003619 | F191: Joint Box 48 Core Blk | G191: 1 | H191: U | I191: 1294780 | J191: =G191*I191 -> 1294780
A192: 191 | B192: 311202004709 | C192: KANTOR KELURAHAN SETAPUK KECIL - JL. HAMID METALI | D192: 4600071237 | E192: 3003622 | F192: ODF Rack Mounted 6 Core(tipe SC upc)Blk | G192: 1 | H192: U | I192: 988293 | J192: =G192*I192 -> 988293
A193: 192 | B193: 311202004709 | C193: KANTOR KELURAHAN SETAPUK KECIL - JL. HAMID METALI | D193: 4600071237 | E193: 3003660 | F193: Transportasi Luar Kota min2Drum150KM Blk | G193: 1 | H193: LOT | I193: 717970 | J193: =G193*I193 -> 717970
... A254: 253 | B254: 311202004726 | C254: PUSKESMAS SINGKAWANG BARAT 1 - JL. ALIANYANG | D254: 4600115584 | E254: 3003623 | F254: ODF Wall Mounted 6 Core(tipe SC upc)Blk | G254: 2 | H254: U | I254: 987673 | J254: =G254*I254 -> 1975346
I255: TOTAL | J255: =SUM(J2:J254) -> 412126317
